brand,name,fragrantica_url,gender,concentration,release_year,main_accords,notes_top,notes_heart,notes_base,notes_undifferentiated,longevity,sillage,season_winter_votes,season_spring_votes,season_summer_votes,season_fall_votes,day_votes,night_votes,fragrantica_rating
giorgio armani,Armani,https://www.fragrantica.com/perfume/Giorgio-Armani/Armani-827.html,femme,,1981,green;aromatic;woody;balsamic;amber;mossy;floral;white floral;earthy;sweet,Galbanum;Marigold;Aldehydes;Bergamot;Pineapple;Mint,Narcissus;Orris Root;Tuberose;Rose;Jasmine;Cyclamen;Lily-of-the-Valley;Orchid,Oakmoss;Benzoin;Cedar;Amber;Sandalwood;Tonka Bean;Musk,,,,195,85,54,216,138,190,4.31
giorgio armani,Giò,https://www.fragrantica.com/perfume/Giorgio-Armani/Gio-418.html,femme,,1992,white floral;warm spicy;woody;floral;amber;tuberose;powdery;citrus;animalic;green,Jasmine;Hyacinth;Sicilian Mandarin;Red Rose;Brazilian Rosewood;Bergamot;Violet,Tuberose;Gardenia;Carnation;Cloves;Peach;Orange Blossom;White Flowers;Myrrh;Ylang-Ylang;Iris;Orris Root;Cassia;Lily-of-the-Valley,Amber;Sandalwood;Styrax;Vanilla;Musk;Cedar,,,,367,197,145,363,303,409,4.28
giorgio armani,Acqua di Gio,https://www.fragrantica.com/perfume/Giorgio-Armani/Acqua-di-Gio-410.html,homme,,1996,citrus;aromatic;marine;fresh spicy;floral;woody;fresh,Lime;Lemon;Bergamot;Jasmine;Orange;Mandarin Orange;Neroli,Sea Notes;Jasmine;Calone;Rosemary;Peach;Freesia;Hiacynth;Cyclamen;Violet;Coriander;Rose;Nutmeg;Mignonette,White Musk;Cedar;Oakmoss;Patchouli;Amber,,,,1400,9500,13800,2600,12800,2800,4.12
giorgio armani,Acqua di Gio,https://www.fragrantica.com/perfume/Giorgio-Armani/Acqua-di-Gio-411.html,femme,,1995,floral;fresh;white floral;green;rose;fruity;sweet;vodka;woody;powdery,Peony;Musk Vodka;Pineapple;Lemon;Peach;Banana Leaf;Violet,Lily-of-the-Valley;Hiacynth;Lily;Jasmine;Freesia;Calone;Ylang-Ylang;Rose,Musk;Cedar;Sandalwood;Amber;Styrax,,,,195,1300,1800,312,1900,300,3.98
giorgio armani,Acqua di Gio - Acqua di Life Edition,https://www.fragrantica.com/perfume/Giorgio-Armani/Acqua-di-Gio-Acqua-di-Life-Edition-11755.html,homme,,2011,marine;aromatic;fresh spicy;citrus;amber;sweet;salty;green;woody;fruity,Sea water;Bergamot;Neroli,Persimmon;Watercress;Rosemary,Amber;French labdanum;Patchouli,,,,8,30,46,10,54,14,4.10
giorgio armani,Acqua di Giò Absolu,https://www.fragrantica.com/perfume/Giorgio-Armani/Acqua-di-Gio-Absolu-48138.html,homme,,2018,aromatic;woody;citrus;fresh spicy;amber;marine;fruity;warm spicy;sweet;aquatic,Sea Notes;Bergamot;Pear;Apple;Grapefruit;Lemon,Lavender;Rosemary;Geranium,Woody Notes;Tonka Bean;Amberwood;Patchouli,,,,794,2100,2000,1800,2100,1500,4.11
giorgio armani,Acqua di Giò Absolu Instinct,https://www.fragrantica.com/perfume/Giorgio-Armani/Acqua-di-Gio-Absolu-Instinct-53764.html,homme,,2019,woody;citrus;marine;aromatic;amber;warm spicy;aquatic;patchouli,Sea Notes;Lemon;Bergamot,Seaweed;Patchouli,Amberwood;Ebony Wood,,,,152,369,345,374,346,337,4.07
giorgio armani,Acqua di Gio Blue Edition Pour Homme,https://www.fragrantica.com/perfume/Giorgio-Armani/Acqua-di-Gio-Blue-Edition-Pour-Homme-25615.html,homme,,2014,citrus;aquatic;fresh spicy;white floral;floral;fresh;amber;aromatic;sweet;woody,,,,Water Notes;Calabrian bergamot;Jasmine;Mandarin Orange;Persimmon;Nasturtium;Patchouli;Rosemary;Labdanum;Neroli;Amber,,,6,63,93,20,85,23,4.10
giorgio armani,Acqua di Giò Eau de Parfum,https://www.fragrantica.com/perfume/Giorgio-Armani/Acqua-di-Gio-Eau-de-Parfum-71606.html,homme,Eau de Parfum,2022,aromatic;marine;mineral;citrus;fresh spicy;lavender;salty;woody,Sea Notes;Green Mandarin,Clary Sage;Lavender;Geranium,Mineral notes;Vetiver;Patchouli,,,,293,2200,2500,888,2300,746,4.06
giorgio armani,Acqua di Giò Eau de Parfum Intense,https://www.fragrantica.com/perfume/Giorgio-Armani/Acqua-di-Gio-Eau-de-Parfum-Intense-122311.html,homme,Eau de Parfum,2026,aromatic;fruity;marine;woody;citrus;fresh;fresh spicy;green;soft spicy;aquatic,Green Apple;Calabrian bergamot,Marine notes;Clary Sage,Woody Notes;Amber,,,,50,220,243,106,209,109,3.91
giorgio armani,Acqua di Giò Elixir,https://www.fragrantica.com/perfume/Giorgio-Armani/Acqua-di-Gio-Elixir-101438.html,homme,,2025,aquatic;citrus;ozonic;fresh spicy;woody;leather;aromatic;patchouli;green;earthy,Bergamot;Green Mandarin;Nutmeg,Violet Leaf;Water Notes,Leather;Patchouli;Vetiver;Labdanum,,,,298,874,902,679,840,682,4.14
giorgio armani,Acqua di Gio Essenza,https://www.fragrantica.com/perfume/Giorgio-Armani/Acqua-di-Gio-Essenza-14825.html,homme,,2012,fresh spicy;aromatic;citrus;fresh;aquatic;woody;floral;amber;herbal;green,Water Notes;Bergamot;Grapefruit;Calone,Basil;Floral Notes;Jasmine;Sage,Pepper;Cedar;Musk;Vetiver;Ambergris;Clary Sage;Amber;Patchouli,,,,197,1100,1400,448,1300,529,4.33
giorgio armani,Acqua di Giò Parfum,https://www.fragrantica.com/perfume/Giorgio-Armani/Acqua-di-Gio-Parfum-81508.html,homme,Parfum,2023,aromatic;fresh spicy;marine;woody;citrus;amber;patchouli;warm spicy,Marine notes;Bergamot,Rosemary;Clary Sage;Geranium,Olibanum;Patchouli,,,,1200,4400,4800,2800,4300,2900,4.44
giorgio armani,Acqua di Giò Profondo,https://www.fragrantica.com/perfume/Giorgio-Armani/Acqua-di-Gio-Profondo-59532.html,homme,,2020,marine;aromatic;citrus;fresh spicy;fresh;woody;mineral;salty;lavender,Sea Notes;Aquozone;Bergamot;Green Mandarin,Rosemary;Lavender;Cypress;Mastic or Lentisque,Mineral notes;Musk;Patchouli;Amber,,,,798,6800,8600,2100,7400,2400,4.33
giorgio armani,Acqua di Giò Profondo Eau de Parfum (2024),https://www.fragrantica.com/perfume/Giorgio-Armani/Acqua-di-Gio-Profondo-Eau-de-Parfum-2024-105624.html,homme,Eau de Parfum,2024,aromatic;marine;citrus;woody;mineral;fresh spicy;salty;lavender;amber;aquatic,Sea Notes;Green Mandarin,Rosemary;Lavender,Mineral notes;Ambergris;Musk;Cedar;Patchouli,,,,94,1100,1300,295,1100,308,4.45
giorgio armani,Acqua di Giò Profondo Eau de Toilette,https://www.fragrantica.com/perfume/Giorgio-Armani/Acqua-di-Gio-Profondo-Eau-de-Toilette-106317.html,homme,Eau de Toilette,2025,citrus;fresh;woody;aromatic;mineral;ozonic;lavender;fresh spicy;warm spicy;patchouli,Lemon;Grapefruit;Spices,Calone;Lavender;Cypress,Mineral notes;Woody Notes;Patchouli,,,,21,254,362,64,325,81,4.05
giorgio armani,Acqua di Giò Profondo Lights,https://www.fragrantica.com/perfume/Giorgio-Armani/Acqua-di-Gio-Profondo-Lights-66265.html,homme,,2021,aromatic;woody;fresh spicy;marine;citrus,Sea Notes;Green Mandarin;Cardamom,Rosemary;Balsam Fir;Cypress;Mastic or Lentisque;Lavender Extract,Cedar;Vetiver;Patchouli,,,,54,396,466,193,414,188,4.11
giorgio armani,Acqua di Giò Profondo Parfum,https://www.fragrantica.com/perfume/Giorgio-Armani/Acqua-di-Gio-Profondo-Parfum-90451.html,homme,Parfum,2024,marine;citrus;aromatic;patchouli;yellow floral;salty;woody;amber;aquatic;powdery,Marine notes;Green Mandarin,Mimosa,Patchouli;Labdanum,,,,184,1200,1500,522,1300,592,3.99
giorgio armani,Acqua di Giò Profumo,https://www.fragrantica.com/perfume/Giorgio-Armani/Acqua-di-Gio-Profumo-29727.html,homme,,2015,aromatic;marine;fresh spicy;amber;woody;smoky;warm spicy;citrus;balsamic;patchouli,Sea Notes;Bergamot,Rosemary;Sage;Geranium,Incense;Patchouli,,,,3500,9000,9400,6800,8800,7700,4.43
giorgio armani,Acqua di Gio Profumo Special Blend,https://www.fragrantica.com/perfume/Giorgio-Armani/Acqua-di-Gio-Profumo-Special-Blend-46467.html,homme,,2017,aromatic;fresh spicy;marine;woody;patchouli;warm spicy;amber;balsamic;smoky;herbal,Sea Notes;Bergamot,Sage;Rosemary;Geranium,Patchouli;Incense,,,,109,176,149,164,170,163,4.38
giorgio armani,Acqua di Gioia,https://www.fragrantica.com/perfume/Giorgio-Armani/Acqua-di-Gioia-8442.html,femme,,2010,citrus;aromatic;green;white floral;fresh spicy;woody;fresh,Amalfi Lemon;Mint,Water Jasmine,Virginia Cedar;Brown sugar;French labdanum,,,,851,5100,7600,1100,7400,1200,3.93
giorgio armani,Acqua di Gioia Eau de Parfum Satinee,https://www.fragrantica.com/perfume/Giorgio-Armani/Acqua-di-Gioia-Eau-de-Parfum-Satinee-14402.html,femme,Eau de Parfum,2012,fresh;green;citrus;aquatic;aromatic;white floral;floral;woody;fresh spicy,Mint;Mojito;Amalfi Lemon,Water Notes;Jasmine;Peony;Pink Pepper,Virginia Cedar;French labdanum,,,,17,60,105,15,108,29,4.06
giorgio armani,Acqua di Gioia Eau de Toilette,https://www.fragrantica.com/perfume/Giorgio-Armani/Acqua-di-Gioia-Eau-de-Toilette-24452.html,femme,Eau de Toilette,2014,fresh;citrus;fruity;floral;aquatic;woody;white floral;ozonic;sweet;aromatic,Lemon;Pear;Violet Leaf;Black Currant,Peony;Jasmine Sambac;Jasmine,Cedar;Cashmere Wood,,,,26,227,341,47,327,47,3.89
giorgio armani,Acqua Di Gioia Eau Fraiche,https://www.fragrantica.com/perfume/Giorgio-Armani/Acqua-Di-Gioia-Eau-Fraiche-17566.html,femme,Eau Fraiche,2013,citrus;aquatic;fresh;sweet;white floral;green;aromatic,Lemon;Grapefruit;Mandarin Orange,Watery Notes;Water Jasmine;Tea;Ylang-Ylang,Brown sugar;Musk;Cedar,,,,61,406,565,97,570,85,4.00
giorgio armani,Acqua di Gioia Essenza,https://www.fragrantica.com/perfume/Giorgio-Armani/Acqua-di-Gioia-Essenza-12402.html,femme,,2011,sweet;white floral;green;aromatic;woody;citrus;musky;vanilla;fresh spicy;powdery,Mint;Amalfi Lemon;Pink Pepper,Jasmine,Sugar;Cashmeran;Virginia Cedar,,,,86,288,339,116,392,134,3.84
giorgio armani,Acqua di Gioia Hair & Body Mist,https://www.fragrantica.com/perfume/Giorgio-Armani/Acqua-di-Gioia-Hair-Body-Mist-50128.html,femme,,2018,floral;fresh;aromatic;green;woody;citrus;sweet;white floral;amber;rose,Mint;Lemon,Peony;Jasmine Sambac;Pink Pepper,Cedar;Brown sugar;Labdanum,,,,0,5,11,1,9,2,3.94
giorgio armani,Acqua di Gioia Intense,https://www.fragrantica.com/perfume/Giorgio-Armani/Acqua-di-Gioia-Intense-90952.html,femme,,2024,citrus;fresh;fruity;white floral;musky;woody;rose;powdery;sweet,Citruses;Red Fruits,Jasmine;Damask Rose,Musk;Woodsy Notes,,,,22,246,264,51,246,66,4.04
giorgio armani,Acqua Di Gioia Jasmine,https://www.fragrantica.com/perfume/Giorgio-Armani/Acqua-Di-Gioia-Jasmine-30621.html,femme,,2015,white floral;green;fruity;fresh;ozonic;sweet;aquatic;citrus;aromatic;musky,Green Apple;Violet Leaf;Lemon;Galbanum,Water Jasmine;Jasmine,Brown sugar;Musk;Cedar,,,,8,77,115,20,105,19,3.75
giorgio armani,Air di Gioia,https://www.fragrantica.com/perfume/Giorgio-Armani/Air-di-Gioia-36599.html,femme,,2016,woody;floral;fresh;citrus;salty;white floral;aromatic;earthy;mossy;fresh spicy,Salt;Neroli;Mandarin Orange,Peony;Orange Blossom;Ylang-Ylang,Cypress;Moss;Patchouli;Cashmere Wood,,,,49,298,404,79,416,61,3.71
giorgio armani,Light di Gioia,https://www.fragrantica.com/perfume/Giorgio-Armani/Light-di-Gioia-54301.html,femme,,2019,white floral;citrus;musky;woody;lactonic,Bergamot,Gardenia;Jasmine,White Musk;Woodsy Notes,,,,36,306,350,94,357,59,3.69
giorgio armani,Ocean di Gioia,https://www.fragrantica.com/perfume/Giorgio-Armani/Ocean-di-Gioia-59809.html,femme,,2020,white floral;green;fresh;fruity;citrus;sweet;musky;aquatic;salty;powdery,Pear;Green Notes;Citruses,Water Jasmine;Lily-of-the-Valley;Salt;Rose,Musk;Sandalwood,,,,102,719,1100,126,958,127,4.12
giorgio armani,Sky di Gioia,https://www.fragrantica.com/perfume/Giorgio-Armani/Sky-di-Gioia-43587.html,femme,,2016,fruity;fresh;rose;floral;tropical;sweet;musky;aquatic,Litchi;Pear,Pink Peony;Rose,White Musk;Blackberry;Cedar,,,,38,342,362,73,390,56,3.75
giorgio armani,Sun di Gioia,https://www.fragrantica.com/perfume/Giorgio-Armani/Sun-di-Gioia-36600.html,femme,,2016,floral;amber;vanilla;tropical;yellow floral;citrus;sweet;powdery;lactonic;musky,Freesia;Bergamot,Frangipani;Ylang-Ylang;Jasmine Sambac,Vanilla;Ambroxan;Benzoin;Iris,,,,96,301,761,229,724,199,3.88
giorgio armani,Terra di Gioia,https://www.fragrantica.com/perfume/Giorgio-Armani/Terra-di-Gioia-66409.html,femme,,2021,floral;sweet;amber;woody;white floral;musky;fruity;citrus;almond;powdery,Pear;Mandarin Orange;Bergamot,Almond Blossom;Jasmine,Amberwood;Musk,,,,135,332,392,374,436,133,3.88
giorgio armani,Armani Attitude,https://www.fragrantica.com/perfume/Giorgio-Armani/Armani-Attitude-1067.html,homme,,2007,warm spicy;woody;amber;patchouli;coffee;aromatic;lavender;citrus;balsamic;earthy,Coffee;Sicilian Lemon,Lavender;Cardamom,Patchouli;Amber;Opoponax;Chinese Cedar,,,,560,261,120,531,315,658,4.38
giorgio armani,Attitude Extreme,https://www.fragrantica.com/perfume/Giorgio-Armani/Attitude-Extreme-5743.html,homme,,2009,warm spicy;soft spicy;anis;coffee;woody;amber;citrus;aromatic;patchouli;powdery,,,,Star Anise;Coffee;Amber;Cardamom;Amalfi Lemon;Patchouli;Virginia Cedar,,,201,89,39,202,98,250,4.37
giorgio armani,Armani Code,https://www.fragrantica.com/perfume/Giorgio-Armani/Armani-Code-412.html,homme,,2004,citrus;leather;anis;soft spicy;floral;tobacco;sweet;aromatic;vanilla;animalic,Lemon;Bergamot,Star Anise;Olive Blossom;Guaiac Wood,Leather;Tonka Bean;Tobacco,,,,4600,2500,1400,4500,2400,5300,4.18
giorgio armani,Armani Code A-List,https://www.fragrantica.com/perfume/Giorgio-Armani/Armani-Code-A-List-49501.html,homme,,2018,citrus;aromatic;lavender;woody;vanilla;sweet;amber;fresh spicy,Green Mandarin;Bergamot,Lavender,Tonka Bean;Guaiac Wood,,,,105,107,61,125,101,115,4.12
giorgio armani,Armani Code Absolu,https://www.fragrantica.com/perfume/Giorgio-Armani/Armani-Code-Absolu-53106.html,homme,,2019,vanilla;powdery;sweet;fresh spicy;citrus;leather;amber;musky;woody,Green Mandarin;Apple,Nutmeg;Orange Blossom;Carrot Seeds,Vanilla;Tonka Bean;Suede;Woody Notes,,,,2800,1100,399,2600,1300,2600,4.40
giorgio armani,Armani Code Absolu Femme,https://www.fragrantica.com/perfume/Giorgio-Armani/Armani-Code-Absolu-Femme-54302.html,femme,,2019,white floral;vanilla;citrus;tuberose;sweet;powdery,Neroli;Ginger;Mandarin Orange,Tuberose;Orange Blossom;Jasmine,Vanilla;Tonka Bean;Sandalwood,,,,247,139,101,269,199,233,4.01
giorgio armani,Armani Code Absolu Gold,https://www.fragrantica.com/perfume/Giorgio-Armani/Armani-Code-Absolu-Gold-59334.html,homme,,2020,amber;warm spicy;woody;vanilla;iris;powdery;citrus;fruity;violet;sweet,Mandarin Orange;Green Apple,Iris;Saffron,Tonka Bean;Benzoin;Guaiac Wood;Cedar,,,,330,183,39,319,145,320,4.43
giorgio armani,Armani Code Cashmere,https://www.fragrantica.com/perfume/Giorgio-Armani/Armani-Code-Cashmere-42278.html,femme,,2017,almond;white floral;powdery;leather;nutty;floral;sweet;fruity;vanilla;smoky,Orange Blossom;Jasmine Sambac,Almond Milk;Heliotrope;Iris,Suede;Leather;Incense;Patchouli,,,,555,120,58,523,258,560,4.17
giorgio armani,Armani Code Casino Limited Edition 2008,https://www.fragrantica.com/perfume/Giorgio-Armani/Armani-Code-Casino-Limited-Edition-2008-3051.html,homme,,2008,citrus;woody;aromatic;vanilla;fresh spicy;amber,,,,,,,14,8,6,8,6,18,4.30
giorgio armani,Armani Code Colonia,https://www.fragrantica.com/perfume/Giorgio-Armani/Armani-Code-Colonia-42895.html,homme,,2017,citrus;amber;vanilla;aromatic;sweet;woody;white floral;powdery;soft spicy;warm spicy,Bergamot;Mandarin Orange;Pink Pepper,Orange Blossom;Clary Sage;Amyl Salicylate,Tonka Bean;Amberwood;Heliotrope,,,,194,654,611,415,652,371,3.99
giorgio armani,Armani Code Couture Edition,https://www.fragrantica.com/perfume/Giorgio-Armani/Armani-Code-Couture-Edition-17126.html,femme,,2012,citrus;sweet;floral;vanilla;fruity;white floral;fresh spicy;honey;leather;woody,Blood Orange;Petitgrain;Pear;Ginger;Bergamot,Orange Blossom;Mirabilis;Osmanthus,Honey;Leather;Vanilla;Tonka Bean;Cedar,,,,21,7,6,17,12,25,4.32
giorgio armani,Armani Code Eau de Parfum,https://www.fragrantica.com/perfume/Giorgio-Armani/Armani-Code-Eau-de-Parfum-65581.html,homme,Eau de Parfum,2021,vanilla;citrus;aromatic;musky;powdery;lavender;sweet;leather;amber;fresh spicy,Lavender;Lemon;Bergamot,Tonka Bean,Vanilla;Suede;Musk;Cedar,,,,988,827,310,1000,722,1000,4.35
giorgio armani,Armani Code Eau de Parfum (2024),https://www.fragrantica.com/perfume/Giorgio-Armani/Armani-Code-Eau-de-Parfum-2024-96540.html,homme,Eau de Parfum,2024,fresh spicy;vanilla;amber;citrus;sweet;aromatic;warm spicy,Green Mandarin,Nutmeg,Tonka Bean,,,,794,672,233,797,621,767,4.29
giorgio armani,Armani Code Eau de Toilette,https://www.fragrantica.com/perfume/Giorgio-Armani/Armani-Code-Eau-de-Toilette-79263.html,homme,Eau de Toilette,2023,lavender;vanilla;aromatic;woody;citrus;amber;sweet;fresh spicy;warm spicy,Green Mandarin,Lavender,Tonka Bean;Cedar,,,,839,918,701,912,867,836,4.10
giorgio armani,Armani Code Elixir,https://www.fragrantica.com/perfume/Giorgio-Armani/Armani-Code-Elixir-1738.html,femme,,2007,,,,,,,,91,41,24,75,34,119,4.38
giorgio armani,Armani Code Elixir,https://www.fragrantica.com/perfume/Giorgio-Armani/Armani-Code-Elixir-106074.html,homme,,2025,leather;animalic;vanilla;amber;alcohol;citrus;smoky;sweet;aromatic,Green Mandarin,Leather;Liquor,Tonka Bean,,,,257,118,32,238,129,239,3.69
giorgio armani,Armani Code Golden Edition,https://www.fragrantica.com/perfume/Giorgio-Armani/Armani-Code-Golden-Edition-21934.html,homme,,2013,citrus;leather;woody;aromatic;floral;sweet;tobacco;vanilla;animalic;smoky,Bergamot;Lemon,Olive Blossom;Guaiac Wood;Star Anise,Leather;Tonka Bean;Tobacco,,,,,,,,,,3.93
giorgio armani,Armani Code Ice,https://www.fragrantica.com/perfume/Giorgio-Armani/Armani-Code-Ice-24601.html,homme,,2014,fresh spicy;aromatic;green;citrus;woody;lavender;fresh;herbal,Mint;Ginger;Lemon,Lavender;Geranium;Sage,Woody Notes;Guaiac Wood;Tonka Bean,,,,61,159,191,132,202,147,3.77
giorgio armani,Armani Code Luna,https://www.fragrantica.com/perfume/Giorgio-Armani/Armani-Code-Luna-14611.html,femme,,2012,citrus;vanilla;sweet;white floral;floral;fruity;aromatic;fresh;fresh spicy;powdery,Bitter Orange;Bergamot;Petitgrain;Pear,Orange Blossom;Osmanthus;Mirabilis,Vanilla;Tonka Bean;Leather;Cedar,,,,200,223,153,268,319,252,3.88
giorgio armani,Armani Code Mirror Edition,https://www.fragrantica.com/perfume/Giorgio-Armani/Armani-Code-Mirror-Edition-5204.html,femme,,2008,citrus;white floral;sweet;vanilla;honey,Italian Orange;Bitter Orange;Jasmine,Jasmine;Orange Blossom,Vanilla;Honey,,,,3,1,0,2,1,7,3.59
giorgio armani,Armani Code Parfum,https://www.fragrantica.com/perfume/Giorgio-Armani/Armani-Code-Parfum-75126.html,homme,Parfum,2022,iris;aromatic;powdery;woody;citrus;vanilla;earthy;aldehydic;violet;fresh spicy,Bergamot;Bergamot Leaf,Iris;Aldehydes;Clary Sage;Orris,Tonka Bean;Cedar,,,,3900,3900,2200,4100,3500,3900,4.41
giorgio armani,Armani Code Profumo,https://www.fragrantica.com/perfume/Giorgio-Armani/Armani-Code-Profumo-34761.html,homme,,2016,amber;vanilla;warm spicy;aromatic;leather;fresh spicy;sweet;animalic;citrus;lavender,Cardamom;Green Apple;Green Mandarin,Nutmeg;Lavender;Orange Blossom,Tonka Bean;Amber;Leather,,,,3000,835,295,2700,1000,2800,4.27
giorgio armani,Armani Code Satin,https://www.fragrantica.com/perfume/Giorgio-Armani/Armani-Code-Satin-31664.html,femme,,2015,sweet;white floral;vanilla;cacao;warm spicy;citrus;fresh spicy;fresh;fruity;patchouli,Ginger;Sorbet;Pear,Orange Blossom;Neroli;Jasmine,Vanilla;Cacao;Praline;Patchouli,,,,513,134,62,485,284,476,4.14
giorgio armani,Armani Code Sheer,https://www.fragrantica.com/perfume/Giorgio-Armani/Armani-Code-Sheer-1046.html,femme,,2007,white floral;fresh;floral;musky;woody;citrus,African Orange Flower,Cyclamen;Jasmine;Lily-of-the-Valley,Musk;Woodsy Notes,,,,11,21,24,27,38,28,3.80
giorgio armani,Armani Code Special Blend,https://www.fragrantica.com/perfume/Giorgio-Armani/Armani-Code-Special-Blend-31954.html,homme,,2015,citrus;woody;anis;aromatic;floral;soft spicy;sweet;tobacco;vanilla;powdery,Neroli;Mandarin Orange;Bergamot,Star Anise;Olive Blossom;Tarragon,Tonka Bean;Guaiac Wood;Tobacco;Cedar,,,,52,30,43,64,40,59,4.34
giorgio armani,Armani Code Sport,https://www.fragrantica.com/perfume/Giorgio-Armani/Armani-Code-Sport-11649.html,homme,,2011,citrus;aromatic;green;fresh spicy;fresh;aquatic,Mint;Mandarin Orange,Lemon;Ginger flower,Water Notes;Vetiver;Amber,,,,97,494,678,197,675,194,4.08
giorgio armani,Armani Code Sport Athlete,https://www.fragrantica.com/perfume/Giorgio-Armani/Armani-Code-Sport-Athlete-14936.html,homme,,2012,citrus;fresh spicy;fresh;aromatic;green;aquatic;woody;amber;smoky;earthy,,,,Citruses;Ginger flower;Mint;Water Notes;Vetiver;Incense;Pink Pepper,,,10,100,177,22,168,26,4.45
giorgio armani,Armani Code Sport Edition 2016,https://www.fragrantica.com/perfume/Giorgio-Armani/Armani-Code-Sport-Edition-2016-39648.html,homme,,2016,aromatic;fresh spicy;citrus;green;amber;woody;fresh;musky,Mint;Peppermint;Sicilian Lemon;Mandarin Orange,Ginger;Geranium,Ambroxan;Rosemary;Vetiver;Labdanum,,,,6,36,41,14,44,14,4.27
giorgio armani,Armani Code Summer pour Femme,https://www.fragrantica.com/perfume/Giorgio-Armani/Armani-Code-Summer-pour-Femme-5746.html,femme,,2009,white floral;citrus;fresh;aquatic;fresh spicy;sweet;floral;fruity;musky;woody,Water Notes;Bitter Orange;Neroli;Pear,African Orange Flower;Jasmine;Ginger;Cyclamen,Musk;Woodsy Notes;Vanilla,,,,5,26,48,11,43,18,4.06
giorgio armani,Armani Code Summer Pour Femme 2010,https://www.fragrantica.com/perfume/Giorgio-Armani/Armani-Code-Summer-Pour-Femme-2010-7905.html,femme,,2010,citrus;white floral;fresh;fresh spicy;floral;fruity;sweet;musky;vanilla;woody,Bitter Orange;Neroli;Pear,Ginger;Jasmine;Cyclamen;African Orange Flower,Musk;Vanille;Woodsy Notes,,,,4,35,47,13,53,19,4.07
giorgio armani,Armani Code Summer Pour Femme 2011,https://www.fragrantica.com/perfume/Giorgio-Armani/Armani-Code-Summer-Pour-Femme-2011-12358.html,femme,,2011,citrus;white floral;fresh;fruity;sweet;fresh spicy;floral;woody;musky;powdery,Bitter Orange;Neroli;Pear,African Orange Flower;Jasmine;Ginger;Cyclamen,Musk;Woodsy Notes;Vanille,,,,6,44,68,8,63,18,3.99
giorgio armani,Armani Code Summer pour Homme,https://www.fragrantica.com/perfume/Giorgio-Armani/Armani-Code-Summer-pour-Homme-5747.html,homme,,2009,citrus;woody;aromatic;fresh spicy;marine;powdery;amber;musky;rose,Grapefruit;Neroli;Sea water;Bergamot,Rose;Virginia Cedar;Tarragon,Guaiac Wood;Amber;Musk,,,,0,11,25,2,20,4,4.22
giorgio armani,Armani Code Summer Pour Homme 2010,https://www.fragrantica.com/perfume/Giorgio-Armani/Armani-Code-Summer-Pour-Homme-2010-7906.html,homme,,2010,citrus;aromatic;floral;marine;fresh spicy;woody;rose;powdery;white floral,Neroli;Bergamot;Sea water;Grapefruit,Olive Blossom;Tincture of Rose;Tarragon;Virginia Cedar,Musk;Amber;Guaiac Wood,,,,6,37,50,11,48,16,4.39
giorgio armani,Armani Code Summer Pour Homme 2011,https://www.fragrantica.com/perfume/Giorgio-Armani/Armani-Code-Summer-Pour-Homme-2011-12357.html,homme,,2011,citrus;woody;aromatic;green;fresh spicy;rose;herbal;amber;floral;marine,Grapefruit;Bergamot;Neroli;Sea water,Olive Leaf;Rose;Tarragon;Virginia Cedar,Amber;Musk;Guaiac Wood;oak moss,,,,2,14,26,5,22,14,4.15
giorgio armani,Armani Code Turquoise for Men,https://www.fragrantica.com/perfume/Giorgio-Armani/Armani-Code-Turquoise-for-Men-30324.html,homme,,2015,woody;citrus;musky;powdery;white floral;amber;fresh spicy,Neroli;Grapefruit,Olive Tree;Cedar,Musk;Guaiac Wood;Amber,,,,2,29,45,8,42,11,4.11
giorgio armani,Armani Code Turquoise for Women,https://www.fragrantica.com/perfume/Giorgio-Armani/Armani-Code-Turquoise-for-Women-30323.html,femme,,2015,white floral;citrus;fresh;sweet;fresh spicy;fruity;musky;woody,Orange Blossom;Neroli;Pear,Orange Blossom;Ginger;Jasmine,Orange Blossom;Musk;White Woods;Vanilla,,,,8,87,104,18,119,23,3.88
giorgio armani,Armani Code Ultimate,https://www.fragrantica.com/perfume/Giorgio-Armani/Armani-Code-Ultimate-15718.html,homme,,2012,vanilla;woody;powdery;sweet;floral;soft spicy;aromatic;anis;amber;citrus,Star Anise;Grapefruit;Mandarin Orange,Heliotrope;Olive Blossom;Cedar;Cypress,Vanilla;Tonka Bean;Guaiac Wood,,,,,,,,,,4.21
giorgio armani,Armani Code Ultimate Femme,https://www.fragrantica.com/perfume/Giorgio-Armani/Armani-Code-Ultimate-Femme-28001.html,femme,,2014,white floral;citrus;vanilla;coffee;fresh;sweet;fresh spicy;warm spicy;woody;fruity,Bitter Orange;Ginger;Pear,Coffee;Orange Blossom;Jasmine Sambac,Vanilla Bean;Exotic Woods,,,,170,40,22,143,92,162,4.28
giorgio armani,Armani Mania,https://www.fragrantica.com/perfume/Giorgio-Armani/Armani-Mania-414.html,homme,,2002,woody;citrus;musky;warm spicy;aromatic;powdery;earthy;amber;metallic;green,Mandarin Orange;Saffron;Citrus Leaves,Cedar;Vetiver,Musk;Amber,,,,212,468,427,424,586,305,4.31
giorgio armani,Armani Mania,https://www.fragrantica.com/perfume/Giorgio-Armani/Armani-Mania-415.html,femme,,2004,woody;citrus;powdery;floral;soft spicy;vanilla;fresh spicy;musky;sweet;amber,Pink Pepper;Bay Leaf;Orange;Black Currant;Green Mandarin,Peony;Magnolia;Iris;Lily-of-the-Valley,Vanilla;White Sandalwood;Amber;Musk;Virginia Cedar,,,,881,632,386,1000,1200,674,4.11
giorgio armani,Mania,https://www.fragrantica.com/perfume/Giorgio-Armani/Mania-423.html,femme,,1999,warm spicy;amber;powdery;fresh spicy;woody;musky;citrus;vanilla;white floral;iris,Labdanum;Vanilla;Orange Blossom;Bergamot,Saffron;Nutmeg;Cloves;Amber,White Musk;Guaiac Wood;Vanilla;Iris,,,,,,,,,,4.19
giorgio armani,Summer Mania Eau Fraiche pour Femme,https://www.fragrantica.com/perfume/Giorgio-Armani/Summer-Mania-Eau-Fraiche-pour-Femme-928.html,femme,Eau Fraiche,2007,musky;powdery;amber;woody;white floral;fruity;sweet;animalic;warm spicy;fresh,Pear,Jasmine,White Musk;Amber;Sandalwood,,,,3,14,22,3,24,3,4.07
giorgio armani,Summer Mania Eau Fraiche pour Homme,https://www.fragrantica.com/perfume/Giorgio-Armani/Summer-Mania-Eau-Fraiche-pour-Homme-929.html,homme,Eau Fraiche,2007,citrus;musky;warm spicy;fresh;metallic;powdery;leather,Citruses,Saffron,Musk,,,,1,12,19,4,17,6,4.30
giorgio armani,Summer Mania Femme,https://www.fragrantica.com/perfume/Giorgio-Armani/Summer-Mania-Femme-2705.html,femme,,2006,floral;fruity;fresh;white floral;rose;citrus;woody;green;ozonic;sweet,Black Currant;Violet Leaf;Mandarin Orange;Orange;Cassia;Pear,Peony;Jasmine;Rose;Lily-of-the-Valley;Hawthorn,Sandalwood;Amber;White Musk,,,,5,16,16,5,21,6,4.02
giorgio armani,Summer Mania Homme,https://www.fragrantica.com/perfume/Giorgio-Armani/Summer-Mania-Homme-2706.html,homme,,2006,citrus;woody;musky;amber;powdery;warm spicy;fresh spicy;metallic,Sicilian Mandarin;Bergamot,Saffron,Musk;Amber;Cedar,,,,1,7,9,1,10,4,4.22
giorgio armani,Ambre Eccentrico,https://www.fragrantica.com/perfume/Giorgio-Armani/Ambre-Eccentrico-31209.html,unisexe,,2015,amber;warm spicy;cinnamon;fruity;sweet;vanilla;woody;patchouli,,,,Amber;Dried Fruits;Cinnamon;Tonka Bean;Patchouli;Prunol,,,456,132,73,465,253,405,4.31
giorgio armani,Ambre Soie,https://www.fragrantica.com/perfume/Giorgio-Armani/Ambre-Soie-405.html,unisexe,,2004,warm spicy;amber;fresh spicy;patchouli;woody,,,,Amber;Cloves;Patchouli;Pepper;Ginger,,,64,25,17,79,69,59,4.05
giorgio armani,Bois d'Encens,https://www.fragrantica.com/perfume/Giorgio-Armani/Bois-d-Encens-406.html,unisexe,,2004,woody;amber;warm spicy;aromatic;musky;earthy,,,,Labdanum;Spices;Cedar;Vetiver,,,407,164,87,418,272,405,4.30
giorgio armani,Cuir Amethyste,https://www.fragrantica.com/perfume/Giorgio-Armani/Cuir-Amethyste-408.html,unisexe,,2005,amber;woody;violet;powdery;leather;patchouli;warm spicy;smoky;vanilla;balsamic,Coriander;Rose;Bergamot,Violet;Birch;Patchouli,Benzoin;Labdanum;Bourbon Vanilla,,,,319,147,64,347,241,302,4.12
giorgio armani,Cuir Majeste,https://www.fragrantica.com/perfume/Giorgio-Armani/Cuir-Majeste-40057.html,unisexe,,2016,fruity;leather;sweet;rose;amber;smoky;tobacco;floral;oud;vanilla,Dried Fruits;Incense;Osmanthus,Leather;May Rose;Tobacco,Agarwood (Oud);Vanilla;Moss;Ambroxan,,,,108,39,14,96,39,99,4.46
giorgio armani,Cuir Nu Edition Murano,https://www.fragrantica.com/perfume/Giorgio-Armani/Cuir-Nu-Edition-Murano-123101.html,unisexe,,2026,amber;warm spicy;coffee;leather;animalic;rose;aromatic,Coffee;Cardamom,Leather;Damask Rose,Amber;Labdanum;Tonka Bean,,,,1,0,0,1,0,1,4.17
giorgio armani,Eau de Jade,https://www.fragrantica.com/perfume/Giorgio-Armani/Eau-de-Jade-403.html,unisexe,,2004,citrus;fresh spicy;musky;aromatic;powdery;white floral;floral,,,,Bergamot;Tunisian Neroli;Musk;Pepper,,,22,93,127,35,132,27,4.06
giorgio armani,Eclat de Jasmin,https://www.fragrantica.com/perfume/Giorgio-Armani/Eclat-de-Jasmin-1153.html,unisexe,,2007,woody;fruity;floral;white floral;citrus;aromatic;earthy;amber;patchouli;rose,Bergamot;Lemon,Jasmine;Osmanthus;Plum;Rose,Tahitian Vetiver;Labdanum;Patchouli,,,,28,72,36,43,77,34,4.02
giorgio armani,Encens Satin,https://www.fragrantica.com/perfume/Giorgio-Armani/Encens-Satin-25990.html,unisexe,,2014,amber;smoky;warm spicy;woody;balsamic,,,,Incense;Amber;Woodsy Notes;Spices,,,136,40,22,140,80,134,4.31
giorgio armani,Iris Celadon,https://www.fragrantica.com/perfume/Giorgio-Armani/Iris-Celadon-42886.html,unisexe,,2017,warm spicy;iris;musky;patchouli;powdery;woody;earthy;aromatic;chocolate;violet,Iris;Cardamom;Aldehydes;Bergamot,Iris;Chocolate;Mate,Patchouli;Musk;Ambrette (Musk Mallow),,,,119,127,46,162,129,127,4.01
giorgio armani,New York,https://www.fragrantica.com/perfume/Giorgio-Armani/New-York-46272.html,unisexe,,2017,musky;powdery;fresh;amber;vanilla;floral;aldehydic;iris;fresh spicy;woody,Aldehydes;White Pepper;Neroli Essence,Iris;White Tea;Ambrette (Musk Mallow);Peony,Vanilla;White Musk;Incense;Cashmeran,,,,33,46,30,45,46,35,4.31
giorgio armani,Pierre de Lune,https://www.fragrantica.com/perfume/Giorgio-Armani/Pierre-de-Lune-404.html,unisexe,,2004,violet;woody;powdery;iris;earthy;aromatic;fruity;fresh;green;soft spicy,,,,Violet;Iris;Woodsy Notes;Cassia,,,79,162,97,134,183,81,4.11
giorgio armani,Sable Fume,https://www.fragrantica.com/perfume/Giorgio-Armani/Sable-Fume-31211.html,unisexe,,2015,amber;balsamic;musky;iris;smoky;powdery;warm spicy,,,,Resins;Incense;Ambroxan;Orris;Suede;Benzoin,,,15,12,8,20,15,18,4.55
giorgio armani,Sable Or,https://www.fragrantica.com/perfume/Giorgio-Armani/Sable-Or-31210.html,unisexe,,2015,powdery;vanilla;warm spicy;woody;amber;iris;violet;cacao;sweet;balsamic,,,,Tuscan Iris;Sandalwood;Tonka Bean;Vanilla;Cacao;Benzoin;Violet,,,22,11,8,32,14,24,4.37
giorgio armani,Cedre Olympe,https://www.fragrantica.com/perfume/Giorgio-Armani/Cedre-Olympe-6062.html,unisexe,,2009,woody;citrus;aromatic;amber;green;fresh spicy;balsamic,,,,Virginia Cedar;Bitter Orange;Pine;Bergamot;Resin;Petitgrain,,,8,30,30,21,29,22,4.18
giorgio armani,Cyprès Pantelleria,https://www.fragrantica.com/perfume/Giorgio-Armani/Cypres-Pantelleria-66244.html,unisexe,,2021,woody;aromatic;citrus;aquatic;earthy;fresh;fresh spicy;mossy;soft spicy,Citron;Bergamot;Neroli;Mandarin Orange,Water Notes;Cypress;Clary Sage,Oakmoss;Vetiver;Amberwood;Patchouli,,,,16,163,175,40,154,31,3.92
giorgio armani,Figuier Eden,https://www.fragrantica.com/perfume/Giorgio-Armani/Figuier-Eden-14878.html,unisexe,,2012,green;fruity;citrus;fresh;sweet;woody;iris;powdery;soft spicy;fresh spicy,Bergamot;Pink Pepper;Mandarin Orange,Fig;Tea;Grass,Iris;Amber,,,,59,437,485,157,470,123,4.19
giorgio armani,Gardénia Antigua,https://www.fragrantica.com/perfume/Giorgio-Armani/Gardenia-Antigua-58908.html,unisexe,,2020,white floral;yellow floral;musky;animalic;citrus;sweet;lactonic;amber;woody,Neroli;Mandarin Orange;Pink Pepper,Gardenia;Ylang-Ylang;Jasmine,White Musk;Ambergris;Patchouli,,,,22,134,125,58,132,36,3.88
giorgio armani,Iris Bleu,https://www.fragrantica.com/perfume/Giorgio-Armani/Iris-Bleu-103559.html,unisexe,,2025,white floral;citrus;musky;woody;green;powdery;aromatic;floral;fresh spicy,Galbanum;Bergamot;Lemon,Iris Butter;Jasmine,White Musk;Virginia Cedar;Guaiac Wood,,,,20,103,87,34,86,16,4.06
giorgio armani,Jasmin Kusamono,https://www.fragrantica.com/perfume/Giorgio-Armani/Jasmin-Kusamono-58909.html,femme,,2020,white floral;fresh;woody;fruity;green,Nashi Pear;Pink Pepper,Lily-of-the-Valley;Jasmine Sambac;Orange Blossom,Sandalwood;Cedar,,,,25,222,185,61,195,41,4.02
giorgio armani,Orange Méditerranée,https://www.fragrantica.com/perfume/Giorgio-Armani/Orange-Mediterranee-121233.html,unisexe,,2025,citrus;fresh spicy;aromatic;fresh;rose,,,,Bitter Orange;Citron;Tea;Pelargonium;Bay Leaf;Lemon Peel;Bergamot;Fennel;Geranium,,,2,27,37,5,32,6,4.05
giorgio armani,Oranger Alhambra,https://www.fragrantica.com/perfume/Giorgio-Armani/Oranger-Alhambra-4036.html,femme,,2008,citrus;aromatic;fresh spicy;woody;mossy;white floral;herbal;earthy,Petitgrain;Bitter Orange;Lemon;Bergamot,Jasmine;Marjoram;Rosemary,Oakmoss;Patchouli,,,,7,34,45,17,48,15,3.94
giorgio armani,Orangerie Venise,https://www.fragrantica.com/perfume/Giorgio-Armani/Orangerie-Venise-55756.html,unisexe,,2019,citrus;fresh;aromatic;fresh spicy;woody,Bitter Orange;Citruses;Bergamot,Neroli;Buchu or Agathosma,Ambroxan;Cedar;Moss,,,,18,149,178,45,164,34,4.03
giorgio armani,Pivoine Suzhou,https://www.fragrantica.com/perfume/Giorgio-Armani/Pivoine-Suzhou-29301.html,femme,,2014,rose;floral;fruity;fresh;sweet;musky;citrus;soft spicy;powdery,Raspberry;Pink Pepper;Mandarin Orange,Peony;May Rose;Rose,Musk;Amber;Patchouli,,,,92,674,523,183,610,133,4.08
giorgio armani,Pivoine Suzhou Soie de Nacre,https://www.fragrantica.com/perfume/Giorgio-Armani/Pivoine-Suzhou-Soie-de-Nacre-41617.html,femme,,2016,rose;floral;fresh;fruity;sweet;musky;citrus;amber;soft spicy;powdery,Raspberry;Pink Pepper;Mandarin Orange,Peony;May Rose;Rose,Musk;Amber;Patchouli,,,,25,93,84,33,97,27,3.94
giorgio armani,Rose Alexandrie,https://www.fragrantica.com/perfume/Giorgio-Armani/Rose-Alexandrie-2699.html,femme,,2008,citrus;rose;floral;yellow floral;white floral;fresh spicy;powdery;green,,,,Neroli;Rose;Mimosa;Mandarin Orange;Bergamot,,,60,319,262,116,341,73,4.09
giorgio armani,Rose Milano,https://www.fragrantica.com/perfume/Giorgio-Armani/Rose-Milano-58911.html,femme,,2020,rose;citrus;earthy;mossy;woody;floral;patchouli;fruity;white floral;fresh,Pear;Bergamot;Lemon,Rose;Jasmine,Moss;Patchouli,,,,29,113,105,51,98,29,4.00
giorgio armani,Rose Milano Soie de Nacre,https://www.fragrantica.com/perfume/Giorgio-Armani/Rose-Milano-Soie-de-Nacre-79083.html,unisexe,,2023,citrus;rose;white floral;earthy;mossy;woody;floral;patchouli;aromatic;fresh spicy,Lemon;Bergamot,Damask Rose;Jasmine,Oakmoss;Patchouli,,,,10,21,20,13,21,12,3.85
giorgio armani,Santal Dan Sha,https://www.fragrantica.com/perfume/Giorgio-Armani/Santal-Dan-Sha-78477.html,unisexe,,2022,woody;warm spicy;aromatic;powdery;fresh spicy;balsamic;citrus;amber;musky;ozonic,Guatemalan Cardamom;Calabrian bergamot;Violet Leaf,elemi;Olibanum;Musk,Sandalwood;Virginia Cedar;Dreamwood,,,,186,198,142,254,213,168,4.05
giorgio armani,Thé Yulong,https://www.fragrantica.com/perfume/Giorgio-Armani/The-Yulong-58907.html,unisexe,,2020,citrus;green;white floral;aromatic;woody;earthy;fresh;floral;iris;musky,Mandarin Orange;Petitgrain;Cardamom,Green Tea;Black Tea;Orange Blossom;Jasmine,Vetiver;Ambrette (Musk Mallow);Iris,,,,123,806,799,247,759,150,4.25
giorgio armani,Thé Yulong Eau de Toilette Edition Limitée,https://www.fragrantica.com/perfume/Giorgio-Armani/The-Yulong-Eau-de-Toilette-Edition-Limitee-96936.html,unisexe,Eau de Toilette,2024,citrus;green;aromatic;woody;fresh spicy;fresh;white floral;musky;floral,Lime;Green Mandarin;Petitgrain,Black Tea;Green Tea;Mate;Jasmine;Orange Blossom,Guaiac Wood;Ambrette;Iris,,,,4,15,14,6,15,9,3.97
giorgio armani,Thé Yulong Soie de Nacre,https://www.fragrantica.com/perfume/Giorgio-Armani/The-Yulong-Soie-de-Nacre-70817.html,unisexe,,2021,citrus;green;white floral;aromatic;woody;earthy;iris;floral;musky;warm spicy,Petitgrain;Mandarin Orange;Cardamom,Green Tea;Black Tea;Orange Blossom;Jasmine,Vetiver;Ambrette (Musk Mallow);Iris,,,,12,79,86,33,73,16,4.25
giorgio armani,Vétiver d'Hiver (Vetiver Babylone),https://www.fragrantica.com/perfume/Giorgio-Armani/Vetiver-d-Hiver-Vetiver-Babylone-2698.html,homme,,2008,citrus;aromatic;woody;earthy;fresh spicy,Bergamot;Lemon;Mandarin Orange,Pink Pepper;Cardamom;Coriander,Vetiver;Patchouli,,,,98,500,581,192,571,132,4.27
giorgio armani,A Milano,https://www.fragrantica.com/perfume/Giorgio-Armani/A-Milano-69489.html,unisexe,,2021,citrus;aromatic;fresh;iris;fresh spicy;powdery;woody;lavender;musky,Citruses;Citron;elemi,Wild Lavender;Cypress,Orris Root;White Musk,,,,4,26,34,15,26,9,4.26
giorgio armani,Armani Privé Charm',https://www.fragrantica.com/perfume/Giorgio-Armani/Armani-Prive-Charm-45083.html,femme,,2017,woody;powdery;floral;iris;musky;earthy;citrus;patchouli;smoky;green,Iris;Floral Notes;Calabrian bergamot,Green Tea;Guaiac Wood;Incense,White Musk;Patchouli;Vanilla,,,,4,8,4,7,7,5,3.68
giorgio armani,Armani Prive Fil Rouge,https://www.fragrantica.com/perfume/Giorgio-Armani/Armani-Prive-Fil-Rouge-37653.html,femme,,2016,amber;musky;powdery;iris;aldehydic;animalic;citrus;violet;fresh;earthy,Aldehydes;Bergamot,Iris;Angelica,Ambergris;White Musk,,,,9,11,7,10,7,11,3.82
giorgio armani,Armani Prive La Femme Bleue,https://www.fragrantica.com/perfume/Giorgio-Armani/Armani-Prive-La-Femme-Bleue-12758.html,femme,,2011,iris;powdery;vanilla;woody;warm spicy;cacao;amber;violet;smoky;balsamic,,,,Iris;Vanille;Incense;Cacao;Woodsy Notes,,,18,7,5,14,10,22,4.28
giorgio armani,Armani Prive Laque,https://www.fragrantica.com/perfume/Giorgio-Armani/Armani-Prive-Laque-55409.html,unisexe,,2019,white floral;aldehydic;woody;rose;fresh;soapy;animalic,Aldehydes,White Flowers;Rose,Oriental Woodsy notes,,,,8,10,10,12,10,7,4.15
giorgio armani,Armani Privé Ombre & Lumiere,https://www.fragrantica.com/perfume/Giorgio-Armani/Armani-Prive-Ombre-Lumiere-25081.html,femme,,2014,white floral;iris;powdery;floral;musky;amber;citrus;violet;earthy;woody,Bergamot;Freesia,Jasmine;Iris,Ambroxan;Musk,,,,16,21,20,17,20,18,4.36
giorgio armani,Blanc Kogane,https://www.fragrantica.com/perfume/Giorgio-Armani/Blanc-Kogane-88629.html,unisexe,,2024,white floral;aldehydic;musky;fresh;powdery;woody;soapy;animalic;earthy;patchouli,Aldehydes;Indian Jasmine,White Musk;Lily,Vetiver;Patchouli,,,,82,137,96,113,144,54,3.92
giorgio armani,Haute Couture en Jeu,https://www.fragrantica.com/perfume/Giorgio-Armani/Haute-Couture-en-Jeu-100584.html,unisexe,,2024,fresh spicy;rose;aromatic;musky;floral;herbal;citrus;powdery;green,Basil;Bergamot,Damask Rose;Geranium;Iris,Ambrette;White Musk;Amber;Cedar,,,,7,12,11,13,13,7,4.04
giorgio armani,Ikat Bleu,https://www.fragrantica.com/perfume/Giorgio-Armani/Ikat-Bleu-63629.html,unisexe,,2020,powdery;vanilla;woody;musky;iris;smoky;balsamic;amber;soft spicy;warm spicy,Pink Pepper;Bergamot,Incense;Iris;Patchouli,Black Vanilla Husk;Musk;Guaiac Wood,,,,21,18,8,28,16,26,4.25
giorgio armani,Ikat Rouge,https://www.fragrantica.com/perfume/Giorgio-Armani/Ikat-Rouge-63630.html,unisexe,,2020,amber;woody;citrus;powdery;smoky;iris;balsamic;warm spicy,Bergamot;Incense;Labdanum,Iris;Patchouli,Amber;Guaiac Wood,,,,26,15,5,25,10,23,4.34
giorgio armani,Indigo Tanzanite,https://www.fragrantica.com/perfume/Giorgio-Armani/Indigo-Tanzanite-71537.html,unisexe,,2022,amber;warm spicy;patchouli;woody;almond;powdery;balsamic;vanilla;lactonic;sweet,Almond;Bergamot,Heliotrope;Milk,Patchouli;Benzoin;Labdanum;Tolu Balsam,,,,177,85,31,173,81,153,3.99
giorgio armani,La Femme Nacre,https://www.fragrantica.com/perfume/Giorgio-Armani/La-Femme-Nacre-15216.html,femme,,2012,iris;powdery;musky;earthy;violet;woody,,,,Iris;Orris Root;Musk,,,8,9,12,13,19,15,4.53
giorgio armani,Lumières,https://www.fragrantica.com/perfume/Giorgio-Armani/Lumieres-118320.html,femme,,2025,aldehydic;musky;powdery;iris;fresh;warm spicy;violet;earthy;soapy;metallic,Aldehydes;Bergamot,Iris;Saffron,Musk;Amber,,,,3,1,0,1,1,1,3.84
giorgio armani,Magenta Tanzanite,https://www.fragrantica.com/perfume/Giorgio-Armani/Magenta-Tanzanite-71536.html,unisexe,,2022,warm spicy;vanilla;sweet;tobacco;amber;cinnamon;aromatic;coffee;fresh spicy,Cardamom;Ginger;Bergamot,Cinnamon;Myrrh;Coffee,Tobacco;Vanilla;Tonka Bean,,,,429,125,69,441,215,363,4.28
giorgio armani,Noir Kogane,https://www.fragrantica.com/perfume/Giorgio-Armani/Noir-Kogane-88628.html,unisexe,,2024,leather;aromatic;tobacco;animalic;woody;earthy;warm spicy;sweet;balsamic;smoky,Tobacco;Haitian Vetiver,elemi;Saffron,Leather,,,,144,43,13,118,37,126,4.22
giorgio armani,Nuances,https://www.fragrantica.com/perfume/Giorgio-Armani/Nuances-18593.html,femme,,2013,powdery;woody;warm spicy;iris;vanilla;earthy;amber;aromatic;cinnamon;citrus,Cinnamon;Bergamot,Orris Root;Heliotrope,Sandalwood;Benzoin;Vetiver,,,,6,9,8,11,7,7,4.53
giorgio armani,Rondò Armaniano,https://www.fragrantica.com/perfume/Giorgio-Armani/Rondo-Armaniano-87438.html,unisexe,,2023,woody;powdery;musky;lavender;warm spicy;patchouli;aromatic;iris;earthy;vanilla,Lavender,Sage;Rose,Sandalwood;Patchouli;Musk;Iris;Vanilla,,,,18,17,9,20,18,17,4.15
giorgio armani,Rose d'Artiste,https://www.fragrantica.com/perfume/Giorgio-Armani/Rose-d-Artiste-50389.html,femme,,2018,amber;violet;powdery;iris;citrus;white floral;musky;earthy;balsamic;woody,Orange Blossom;Bergamot,Iris;Violet;Incense,Ambroxan;Myrhh,,,,3,12,7,11,14,6,3.91
giorgio armani,Armani Privé Ambre Orient,https://www.fragrantica.com/perfume/Giorgio-Armani/Armani-Prive-Ambre-Orient-10885.html,unisexe,,2010,amber;woody;warm spicy;vanilla;powdery;soft spicy;aromatic;balsamic;cinnamon;musky,,,,Amber;French labdanum;Vanille;Pink Pepper;Cinnamon;Patchouli;Thyme;Sandalwood,,,102,25,12,82,47,100,4.37
giorgio armani,Armani Prive Jahwara Oriental,https://www.fragrantica.com/perfume/Giorgio-Armani/Armani-Prive-Jahwara-Oriental-70085.html,unisexe,,2021,amber;woody;warm spicy;balsamic;sweet;smoky,Spices;Incense;Myrhh;Iris,Opoponax;Labdanum;Ambroxan,Bourbon Vanilla;Amberwood;Guaiac Wood;Cedar,,,,27,16,8,29,16,25,4.13
giorgio armani,Armani Privé Oud Royal,https://www.fragrantica.com/perfume/Giorgio-Armani/Armani-Prive-Oud-Royal-10884.html,unisexe,,2010,amber;oud;warm spicy;woody;smoky;balsamic;powdery;rose;metallic,,,,Agarwood (Oud);Incense;Sandalwood;Saffron;Amber;Rose,,,633,199,95,597,264,602,4.38
giorgio armani,Armani Privé Oud Royal Collector,https://www.fragrantica.com/perfume/Giorgio-Armani/Armani-Prive-Oud-Royal-Collector-101561.html,unisexe,,2025,amber;warm spicy;oud;balsamic;smoky,,,,Myrrh;Incense;Oud;Amber;Spices,,,13,3,2,13,9,11,4.15
giorgio armani,Armani Privé Rose d'Arabie,https://www.fragrantica.com/perfume/Giorgio-Armani/Armani-Prive-Rose-d-Arabie-10886.html,unisexe,,2010,rose;patchouli;oud;woody;floral;warm spicy;earthy;vanilla;balsamic,,,,Rose;Patchouli;Agarwood (Oud);Vanille,,,756,313,190,684,358,778,4.35
giorgio armani,Armani Prive Rose d'Arabie L'Or du Desert,https://www.fragrantica.com/perfume/Giorgio-Armani/Armani-Prive-Rose-d-Arabie-L-Or-du-Desert-18651.html,unisexe,,2013,rose;patchouli;woody;warm spicy;earthy;floral;balsamic,,,,Damask Rose;Patchouli;Saffron;Woodsy Notes;Amber,,,54,23,11,41,21,62,4.38
giorgio armani,Armani Privé Rose d'Arabie Limited Edition 2018,https://www.fragrantica.com/perfume/Giorgio-Armani/Armani-Prive-Rose-d-Arabie-Limited-Edition-2018-51914.html,unisexe,,2018,rose;patchouli;woody;warm spicy;earthy;floral;balsamic,,,,Rose;Patchouli;Agarwood (Oud);Woody Notes;Saffron;Amber,,,11,5,2,8,4,9,4.33
giorgio armani,Armani Prive Rose d'Arabie Limited Edition Swarovski,https://www.fragrantica.com/perfume/Giorgio-Armani/Armani-Prive-Rose-d-Arabie-Limited-Edition-Swarovski-29225.html,unisexe,,2014,rose;patchouli;woody;warm spicy;earthy;floral;balsamic,,,,Damask Rose;Patchouli;Agarwood (Oud);Vanilla,,,10,4,1,7,2,9,4.31
giorgio armani,Cuir Noir,https://www.fragrantica.com/perfume/Giorgio-Armani/Cuir-Noir-14205.html,unisexe,,2011,woody;vanilla;leather;amber;oud;powdery;warm spicy;animalic;rose;fresh spicy,,,,Leather;Vanille;Agarwood (Oud);Sandalwood;Benzoin;Rose;Guaiac Wood;Nutmeg;Ambergris;Coriander,,,326,120,45,332,177,310,4.29
giorgio armani,Cuir Nu,https://www.fragrantica.com/perfume/Giorgio-Armani/Cuir-Nu-110701.html,unisexe,,2025,leather;warm spicy;coffee;amber;rose;animalic;smoky;vanilla;aromatic,Coffee;Cardamom,Leather;Damask Rose,Tonka Bean;Amber;Labdanum,,,,50,14,12,43,24,44,3.93
giorgio armani,Cuir Zerzura,https://www.fragrantica.com/perfume/Giorgio-Armani/Cuir-Zerzura-62025.html,unisexe,,2020,iris;leather;powdery;woody;violet;animalic;earthy;vanilla;aromatic;ozonic,Violet Leaf;Elemi resin;Mandarin Orange,Iris;Rose,Leather;Cedar;Bourbon Vanilla,,,,152,97,34,173,111,150,4.39
giorgio armani,Musc Shamal,https://www.fragrantica.com/perfume/Giorgio-Armani/Musc-Shamal-55282.html,unisexe,,2019,musky;powdery;aldehydic;fresh;rose;amber;vanilla;woody;white floral;animalic,Aldehydes;Citruses,Musk;Rose;Jasmine,Amber;Vanilla;Cedar,,,,160,149,88,168,160,155,4.06
giorgio armani,Myrrhe Impériale,https://www.fragrantica.com/perfume/Giorgio-Armani/Myrrhe-Imperiale-21403.html,unisexe,,2013,amber;warm spicy;vanilla;balsamic;sweet,,,,Myrhh;Amber;Benzoin;Vanila;Saffron;Pink Pepper,,,375,104,45,357,209,366,4.45
giorgio armani,Sable Nuit,https://www.fragrantica.com/perfume/Giorgio-Armani/Sable-Nuit-64787.html,unisexe,,2021,amber;woody;warm spicy;vanilla;soft spicy;musky;balsamic;fresh spicy,Olibanum;Pink Pepper,Cedar;Benzoin;Labdanum;Patchouli,Olibanum;Vanilla;Ambroxan,,,,90,38,24,92,58,78,4.13
giorgio armani,Armani Eau d'Aromes,https://www.fragrantica.com/perfume/Giorgio-Armani/Armani-Eau-d-Aromes-22879.html,homme,,2014,citrus;aromatic;fresh spicy;woody;warm spicy;earthy;herbal;fresh;patchouli,Mandarin Orange;Bergamot,Ginger;Patchouli,Vetiver;Sage;Cardamom,,,,86,259,257,211,271,128,4.05
giorgio armani,Armani Eau de Cèdre,https://www.fragrantica.com/perfume/Giorgio-Armani/Armani-Eau-de-Cedre-31401.html,homme,,2015,woody;aromatic;green;ozonic;citrus;warm spicy;fresh spicy;leather;musky;powdery,Sage;Bergamot;Lemon,Violet Leaf;Cardamom;Cumin,Black Tea;Cedar Essence;Suede;Woody Notes,,,,346,796,546,723,745,444,4.30
giorgio armani,Armani Eau de Nuit,https://www.fragrantica.com/perfume/Giorgio-Armani/Armani-Eau-de-Nuit-17231.html,homme,,2013,powdery;vanilla;iris;amber;warm spicy;aromatic;woody;fresh spicy;sweet;violet,Pink Pepper;Bergamot,Iris;Cardamom;Nutmeg;Heliotrope,Tonka Bean;Amber;Cedar,,,,624,290,81,613,250,666,4.22
giorgio armani,Armani Eau de Nuit Oud,https://www.fragrantica.com/perfume/Giorgio-Armani/Armani-Eau-de-Nuit-Oud-38548.html,homme,,2016,warm spicy;rose;oud;aromatic;fresh spicy;iris;vanilla;floral;sweet;powdery,Cardamom;Pink Pepper;Bergamot,Rose;Iris;Geranium,Agarwood (Oud);Saffron;Tonka Bean,,,,178,55,19,177,73,175,4.18
giorgio armani,Armani Eau Pour Homme,https://www.fragrantica.com/perfume/Giorgio-Armani/Armani-Eau-Pour-Homme-409.html,homme,,1984,citrus;aromatic;fresh spicy;woody;earthy;mossy,Lemon;Bergamot;Mandarin Orange;Green Orange;Basil,Lavender;Nutmeg;Carnation;Jasmine;Lily;Rose;Cinnamon,Oakmoss;Vetiver;Cedar;Sandalwood;Musk;Patchouli,,,,216,567,550,400,640,299,4.26
giorgio armani,Armani Eau Pour Homme (new),https://www.fragrantica.com/perfume/Giorgio-Armani/Armani-Eau-Pour-Homme-new-17230.html,homme,,2013,citrus;fresh spicy;woody;warm spicy;aromatic;mossy;earthy;green;patchouli,Bergamot;Mandarin Orange;Basil,Cloves;Nutmeg;Lily,Oakmoss;Sandalwood;Patchouli,,,,139,490,470,366,508,193,4.18
giorgio armani,Emporio Armani City Glam for Her,https://www.fragrantica.com/perfume/Giorgio-Armani/Emporio-Armani-City-Glam-for-Her-426.html,femme,,2005,fruity;floral;woody;rose;earthy;mossy;patchouli;musky;aromatic;soft spicy,Black Currant;Plum;Coriander,Bulgarian Rose;Floral Notes,Oakmoss;Indian Patchouli;White Musk,,,,108,157,95,143,206,108,4.00
giorgio armani,Emporio Armani City Glam for Him,https://www.fragrantica.com/perfume/Giorgio-Armani/Emporio-Armani-City-Glam-for-Him-425.html,homme,,2005,green;fresh spicy;aromatic;citrus;fresh;earthy;woody;musky;mossy;powdery,Bitter Orange;Mint,Ginger;Green Grass,Vetiver;White Musk;Oakmoss,,,,38,70,55,58,60,85,4.18
giorgio armani,Emporio Armani For Her 2008,https://www.fragrantica.com/perfume/Giorgio-Armani/Emporio-Armani-For-Her-2008-2694.html,femme,,2008,powdery;vanilla;woody;violet;musky;citrus;sweet;iris;floral;white floral,Bergamot;Pear;Pineapple;Mandarin Orange,Iris;Heliotrope;Jasmine;Violet,Vanilla;Musk;Cedar,,,,57,56,44,51,79,57,4.13
giorgio armani,Emporio Armani For Him 2008,https://www.fragrantica.com/perfume/Giorgio-Armani/Emporio-Armani-For-Him-2008-2695.html,homme,,2008,aromatic;citrus;woody;musky;fresh spicy;warm spicy;powdery;green;earthy;herbal,Bergamot,Vetiver;Yuzu;Cardamom;Sage,Musk;Cedar;Tonka Bean,,,,23,35,27,36,37,40,4.04
giorgio armani,Emporio Armani He,https://www.fragrantica.com/perfume/Giorgio-Armani/Emporio-Armani-He-64483.html,homme,,2020,aromatic;powdery;woody;citrus;musky;fresh spicy;warm spicy;iris;floral;sweet,Yuzu;Sage;Cardamom,Nutmeg;Orris Root;Rose,White Musk;Sandalwood;Vetiver;Tonka Bean,,,,195,380,326,333,352,263,4.14
giorgio armani,Emporio Armani Lei,https://www.fragrantica.com/perfume/Giorgio-Armani/Emporio-Armani-Lei-417.html,femme,,1998,powdery;vanilla;woody;sweet;citrus;almond;white floral;fruity;amber;musky,Lime;Tuberose;Bergamot;Pear;Mandarin Orange;Pineapple,Heliotrope;Orris Root;Jasmine;Lily-of-the-Valley,Sandalwood;Vanilla;Musk;Almond;Tonka Bean;Cedar;Amber,,,,893,871,556,1100,1300,712,4.18
giorgio armani,Emporio Armani Lui,https://www.fragrantica.com/perfume/Giorgio-Armani/Emporio-Armani-Lui-416.html,homme,,1998,woody;citrus;aromatic;powdery;fresh spicy;fruity;sweet;warm spicy;musky;floral,Sage;Yuzu;Apple;Bergamot;Lemon;Pineapple;Mandarin Orange;Cardamom,Nutmeg;Orris Root;Cyclamen;Jasmine;Rose,Sandalwood;Oakmoss;Cedar;Tonka Bean;Musk;Amber,,,,280,585,445,493,612,417,4.15
giorgio armani,Emporio Armani Night,https://www.fragrantica.com/perfume/Giorgio-Armani/Emporio-Armani-Night-421.html,homme,,2003,woody;powdery;warm spicy;aromatic;citrus;vanilla;violet;musky;patchouli;sweet,Grapefruit;Mandarin Orange;Bergamot,Violet;Cardamom;Sage,Tonka Bean;Cedar;Musk;Sandalwood;Patchouli;Vanilla,,,,80,42,24,78,29,113,4.23
giorgio armani,Emporio Armani Night,https://www.fragrantica.com/perfume/Giorgio-Armani/Emporio-Armani-Night-422.html,femme,,2003,floral;fruity;woody;aromatic;fresh;fresh spicy;powdery;soft spicy;green;musky,Cranberry;Cassia;Black Currant;Hawthorn;Bergamot,Peony;Orchid;Magnolia;Freesia;Cyclamen;Jasmine;Lily-of-the-Valley,Sandalwood;White Musk;Myrtle;Patchouli,,,,135,68,57,142,120,189,4.17
giorgio armani,Emporio Armani Red Pour Elle (White),https://www.fragrantica.com/perfume/Giorgio-Armani/Emporio-Armani-Red-Pour-Elle-White-2190.html,femme,,2007,citrus;fresh spicy;green;woody;musky;aromatic;fruity;fresh;powdery,Bergamot;Mandarin Orange;Black Currant,Ginger;Mint;Fig Leaf,Musk;White Woods,,,,14,63,56,23,84,14,4.26
giorgio armani,Emporio Armani Red Pour Lui (White),https://www.fragrantica.com/perfume/Giorgio-Armani/Emporio-Armani-Red-Pour-Lui-White-2191.html,homme,,2007,fresh spicy;citrus;aromatic;fresh;woody,,,,,,,8,29,30,13,29,9,4.25
giorgio armani,Emporio Armani She,https://www.fragrantica.com/perfume/Giorgio-Armani/Emporio-Armani-She-64482.html,femme,,2020,powdery;musky;almond;vanilla;amber;sweet;fruity;citrus;woody;warm spicy,Citruses;Pear,Heliotrope;Cardamom;Angelica;Jasmine,White Musk;Almond;Cedar;Vanilla;Amber,,,,301,316,225,389,364,243,4.19
giorgio armani,Emporio Armani White For Her,https://www.fragrantica.com/perfume/Giorgio-Armani/Emporio-Armani-White-For-Her-420.html,femme,,2001,citrus;green;woody;fresh spicy;aromatic;musky;fruity;fresh;powdery;iris,Bergamot;Orange;Mandarin Orange;Cassia;Black Currant,Ginger;Iris;Fig Leaf;Mint;Cloves,White Musk;White Wood,,,,73,192,214,94,279,61,4.38
giorgio armani,Emporio Armani White For Him,https://www.fragrantica.com/perfume/Giorgio-Armani/Emporio-Armani-White-For-Him-419.html,homme,,2001,citrus;aromatic;fresh spicy;musky;herbal;powdery,Bergamot;Mandarin Orange;Orange;Lemon,Chamomile;Rosemary;Cardamom,Musk,,,,35,143,143,61,172,66,4.49
giorgio armani,Emporio Remix for Her,https://www.fragrantica.com/perfume/Giorgio-Armani/Emporio-Remix-for-Her-916.html,femme,,2006,floral;fruity;powdery;fresh;sweet;woody;soft spicy,Pear;Cranberry;Star Anise,Freesia;Peony;Magnolia;Clover;Heliotrope;Cloves,Musk;Sandalwood;Cedar,,,,51,98,84,76,143,70,4.04
giorgio armani,Emporio Remix for Him,https://www.fragrantica.com/perfume/Giorgio-Armani/Emporio-Remix-for-Him-915.html,homme,,2006,soft spicy;fresh spicy;aromatic;warm spicy;anis;woody;citrus;floral;powdery;green,Star Anise;Bergamot;Basil,Nutmeg;Cardamom;Lily-of-the-Valley,Vetiver;Licorice;Cloves;White Musk,,,,27,57,43,66,72,45,3.75
giorgio armani,Emporio Armani Diamonds,https://www.fragrantica.com/perfume/Giorgio-Armani/Emporio-Armani-Diamonds-1292.html,femme,,2007,fruity;woody;sweet;rose;vanilla;floral;fresh;tropical;patchouli;amber,Litchi;Raspberry,Rose;Freesia;Patchouli;Cedar;Lily-of-the-Valley,Vanilla;Amber;Vetiver,,,,600,808,546,594,1100,530,3.76
giorgio armani,Emporio Armani Diamonds Black Carat for Her,https://www.fragrantica.com/perfume/Giorgio-Armani/Emporio-Armani-Diamonds-Black-Carat-for-Her-13070.html,femme,,2011,vanilla;amber;floral;rose;warm spicy;balsamic;powdery,Freesia,Rose,Benzoin;Vanilla,,,,57,27,12,64,33,66,4.07
giorgio armani,Emporio Armani Diamonds Black Carat for Him,https://www.fragrantica.com/perfume/Giorgio-Armani/Emporio-Armani-Diamonds-Black-Carat-for-Him-13071.html,homme,,2011,woody;amber;fresh spicy;cacao;warm spicy;citrus;aromatic;earthy;herbal,Sichuan Pepper;Bergamot,Cacao;Benzoin,Guaiac Wood;Amber;Vetiver;Cedar;Oakmoss,,,,95,42,19,92,47,98,4.35
giorgio armani,Emporio Armani Diamonds Club,https://www.fragrantica.com/perfume/Giorgio-Armani/Emporio-Armani-Diamonds-Club-38911.html,femme,,2016,citrus;aquatic;rose;patchouli;fresh;woody;warm spicy;earthy;floral;balsamic,Mandarin Orange;Water Notes,Rose,Patchouli,,,,3,12,11,5,13,8,3.59
giorgio armani,Emporio Armani Diamonds Club for Him,https://www.fragrantica.com/perfume/Giorgio-Armani/Emporio-Armani-Diamonds-Club-for-Him-38912.html,homme,,2016,aromatic;warm spicy;aquatic;fresh spicy;fresh;lavender;floral;herbal;rose;green,Cardamom,Water Notes;Hedione;Lavender,Geranium,,,,6,13,15,12,9,21,4.51
giorgio armani,Emporio Armani Diamonds Eau de Toilette,https://www.fragrantica.com/perfume/Giorgio-Armani/Emporio-Armani-Diamonds-Eau-de-Toilette-6084.html,femme,Eau de Toilette,2009,rose;musky;aromatic;citrus;soft spicy;woody;earthy;powdery;floral;sweet,Pink Pepper;Bergamot,Rose,Vetiver;Musk,,,,59,105,80,60,137,57,3.63
giorgio armani,Emporio Armani Diamonds for Men,https://www.fragrantica.com/perfume/Giorgio-Armani/Emporio-Armani-Diamonds-for-Men-3793.html,homme,,2008,woody;cacao;citrus;fresh spicy;warm spicy;amber;aromatic;powdery,Bergamot;Guaiac Wood,Sichuan Pepper;Cedar;Vetiver,Cacao;Amber,,,,511,701,380,686,751,698,4.07
giorgio armani,Emporio Armani Diamonds for Men Summer Edition,https://www.fragrantica.com/perfume/Giorgio-Armani/Emporio-Armani-Diamonds-for-Men-Summer-Edition-8440.html,homme,,2010,aromatic;cacao;citrus;marine;green;warm spicy;floral;woody;fresh spicy;salty,Amalfi Lemon;Mint,Sea water;Floral Notes,Cacao;Woodsy Notes,,,,3,23,38,9,38,18,4.15
giorgio armani,Emporio Armani Diamonds for Women Summer Edition,https://www.fragrantica.com/perfume/Giorgio-Armani/Emporio-Armani-Diamonds-for-Women-Summer-Edition-8439.html,femme,,2010,fruity;rose;floral;fresh;musky;sweet;woody;tropical;amber;powdery,Litchi;Raspberry,Rose;Peony,Musk;Woodsy Notes;Amber,,,,2,17,29,4,31,7,3.81
giorgio armani,Emporio Armani Diamonds He Limited Edition,https://www.fragrantica.com/perfume/Giorgio-Armani/Emporio-Armani-Diamonds-He-Limited-Edition-6835.html,homme,,2009,woody;citrus;fresh spicy;aromatic;cacao,Citruses;Sichuan Pepper;Bergamot,Virginia Cedar;Cacao,Guaiac Wood;Vetiver,,,,4,6,1,10,8,6,3.88
giorgio armani,Emporio Armani Diamonds Intense,https://www.fragrantica.com/perfume/Giorgio-Armani/Emporio-Armani-Diamonds-Intense-4619.html,femme,,2008,fruity;woody;rose;floral;sweet;vanilla;fresh;patchouli;earthy;tropical,Raspberry;Litchi,Rose;Freesia;Lily-of-the-Valley,Vanilla;Cedar;Patchouli;Vetiver,,,,140,84,53,135,125,153,3.84
giorgio armani,Emporio Armani Diamonds Rocks,https://www.fragrantica.com/perfume/Giorgio-Armani/Emporio-Armani-Diamonds-Rocks-26163.html,homme,,2014,aromatic;fresh spicy;woody;marine;violet;citrus;powdery;fresh;fruity;salty,Grapefruit;Black Pepper;Apple,Sea Notes;Violet;Geranium,Guaiac Wood;Cedar;Vetiver,,,,5,25,24,19,33,15,3.72
giorgio armani,Emporio Armani Diamonds Rose,https://www.fragrantica.com/perfume/Giorgio-Armani/Emporio-Armani-Diamonds-Rose-18339.html,femme,,2013,fruity;rose;floral;citrus;sweet;woody;aromatic;patchouli;musky;fresh spicy,Raspberry;Black Currant;Bergamot,Rose;Freesia;Lily-of-the-Valley,Ambrette (Musk Mallow);Patchouli,,,,28,140,86,54,139,24,3.82
giorgio armani,Emporio Armani Diamonds Summer Fraiche for Men,https://www.fragrantica.com/perfume/Giorgio-Armani/Emporio-Armani-Diamonds-Summer-Fraiche-for-Men-15928.html,homme,,2012,aquatic;marine;woody;cacao;aromatic;fresh;warm spicy;salty,Watery Notes,Sea Notes,Cedar;Cacao,,,,0,3,8,6,8,8,4.14
giorgio armani,Emporio Armani Diamonds Summer Fraiche for Women,https://www.fragrantica.com/perfume/Giorgio-Armani/Emporio-Armani-Diamonds-Summer-Fraiche-for-Women-15927.html,femme,,2012,fresh;aquatic;floral;fruity;amber;rose,Watery Notes;Green Apple,Peony,Amber,,,,0,10,14,2,18,5,3.65
giorgio armani,Emporio Armani Diamonds Violet,https://www.fragrantica.com/perfume/Giorgio-Armani/Emporio-Armani-Diamonds-Violet-31240.html,femme,,2015,sweet;fruity;violet;powdery;fresh;vanilla;tropical;rose;patchouli;woody,Raspberry;Litchi;Passionfruit,Violet;Bulgarian Rose;Lily-of-the-Valley,Praline;Vanilla;Patchouli,,,,33,76,51,50,89,42,3.91
giorgio armani,Emporio Armani Stronger With You,https://www.fragrantica.com/perfume/Giorgio-Armani/Emporio-Armani-Stronger-With-You-45258.html,homme,,2017,vanilla;sweet;balsamic;nutty;aromatic;powdery;lavender;herbal;soft spicy;warm spicy,Chestnut;Sugar,Sage;Lavender,Vanilla;Smoke,,,,6600,2100,768,6100,3300,5800,4.30
giorgio armani,Emporio Armani Stronger With You Absolutely,https://www.fragrantica.com/perfume/Giorgio-Armani/Emporio-Armani-Stronger-With-You-Absolutely-64501.html,homme,,2021,vanilla;woody;balsamic;rum;aromatic;warm spicy;nutty;powdery;lavender;sweet,Rum;elemi;Bergamot,Lavender;Davana,Madagascar Vanilla;Chestnut;Cedar;Patchouli,,,,7100,1400,550,5900,2300,6000,4.52
giorgio armani,Emporio Armani Stronger With You Amber,https://www.fragrantica.com/perfume/Giorgio-Armani/Emporio-Armani-Stronger-With-You-Amber-79699.html,unisexe,,2023,amber;vanilla;lavender;powdery;animalic,,,,Amber;Madagascar Vanilla;Lavender,,,818,250,86,736,405,691,4.25
giorgio armani,Emporio Armani Stronger With You Freeze,https://www.fragrantica.com/perfume/Giorgio-Armani/Emporio-Armani-Stronger-With-You-Freeze-58808.html,homme,,2020,citrus;fresh spicy;woody;aromatic;sweet;vanilla;warm spicy;fruity;fresh;amber,Lime;Ginger;Apple;Mandarin Orange,Cardamom;Lavender;Bourbon Geranium;Sage,Bourbon Vanilla;Amberwood;Marron glace;Guaiac Wood,,,,277,678,519,603,617,412,4.10
giorgio armani,Emporio Armani Stronger With You Intensely,https://www.fragrantica.com/perfume/Giorgio-Armani/Emporio-Armani-Stronger-With-You-Intensely-52802.html,homme,,2019,vanilla;sweet;amber;cinnamon;warm spicy;powdery;aromatic;soft spicy;caramel,Pink Pepper;Juniper;Violet,Toffee;Cinnamon;Lavender;Sage,Vanilla;Amber;Tonka Bean;Suede,,,,19300,3000,1500,15000,6700,15500,4.58
giorgio armani,Emporio Armani Stronger With You Leather,https://www.fragrantica.com/perfume/Giorgio-Armani/Emporio-Armani-Stronger-With-You-Leather-63355.html,homme,,2020,vanilla;leather;balsamic;warm spicy;aromatic;animalic;woody;nutty;powdery;smoky,Chestnut;Spices;elemi,Lavender;Sage,Vanilla;Leather;Guaiac Wood;Agarwood (Oud),,,,546,145,44,468,223,503,4.51
giorgio armani,Emporio Armani Stronger With You Limited Edition,https://www.fragrantica.com/perfume/Giorgio-Armani/Emporio-Armani-Stronger-With-You-Limited-Edition-79166.html,homme,,2023,sweet;vanilla;soft spicy;amber;nutty;aromatic;warm spicy;powdery;herbal;musky,Pink Pepper;Cardamom,Sage,Vanilla;Marron glace;Amber,,,,127,43,59,67,49,60,3.95
giorgio armani,Emporio Armani Stronger With You Only,https://www.fragrantica.com/perfume/Giorgio-Armani/Emporio-Armani-Stronger-With-You-Only-71505.html,homme,,2022,vanilla;citrus;fresh spicy;aromatic;lavender;balsamic;amber;nutty;powdery;warm spicy,Grapefruit,Lavender;Geranium,Vanilla;Chestnut;Labdanum,,,,244,373,219,374,363,254,3.97
giorgio armani,Emporio Armani Stronger With You Oud,https://www.fragrantica.com/perfume/Giorgio-Armani/Emporio-Armani-Stronger-With-You-Oud-76171.html,homme,,2022,vanilla;oud;lavender;fresh spicy;powdery;aromatic;sweet,,,,Vanilla;Agarwood (Oud);Lavender Extract,,,514,187,79,440,192,465,4.26
giorgio armani,Emporio Armani Stronger With You Parfum,https://www.fragrantica.com/perfume/Giorgio-Armani/Emporio-Armani-Stronger-With-You-Parfum-100895.html,homme,Parfum,2025,vanilla;lavender;soft spicy;warm spicy;nutty;balsamic;aromatic;sweet;leather;herbal,Pink Pepper;Mandarin,Lavender;Cinnamon;Sage,Chestnut;Vanilla;Leather,,,,2100,491,176,1800,659,1900,4.27
giorgio armani,Emporio Armani Stronger With You Powerfully,https://www.fragrantica.com/perfume/Giorgio-Armani/Emporio-Armani-Stronger-With-You-Powerfully-123070.html,homme,,2026,warm spicy;cherry;vanilla;amber;nutty;sweet;woody;balsamic;lavender;powdery,Cherry;Mandarin Orange,Spices;Lavender,Chestnut;Vanilla;Amberwood,,,,1400,337,79,1200,664,1200,4.50
giorgio armani,Emporio Armani Stronger With You Sandalwood,https://www.fragrantica.com/perfume/Giorgio-Armani/Emporio-Armani-Stronger-With-You-Sandalwood-102519.html,unisexe,,2025,woody;warm spicy;powdery;lavender;vanilla;balsamic;aromatic;nutty,Saffron,Lavender;Chestnut,Sandalwood;Vanilla;Cedarwood,,,,610,312,91,547,368,520,4.37
giorgio armani,Emporio Armani Stronger With You Spices,https://www.fragrantica.com/perfume/Giorgio-Armani/Emporio-Armani-Stronger-With-You-Spices-122057.html,homme,,2026,warm spicy;fresh spicy;vanilla;sweet;leather;amber;fruity;powdery;cinnamon;lavender,Black Pepper;Bergamot;Mandarin,Saffron;Clove;Cinnamon;Apricot;Lavender,Bourbon Vanilla;Chestnut;Amber;Dates;Leather,,,,111,41,21,93,55,95,3.76
giorgio armani,Emporio Armani Stronger With You Tobacco,https://www.fragrantica.com/perfume/Giorgio-Armani/Emporio-Armani-Stronger-With-You-Tobacco-90333.html,homme,,2024,warm spicy;amber;tobacco;vanilla;sweet;aromatic;soft spicy;balsamic;fresh spicy;woody,Pink Pepper;Black Pepper;Cardamom;elemi;Sage,Tobacco;Chestnut;Cinnamon Leaf;Chili Pepper,Bourbon Vanilla;Amber;Guaiac Wood;Benzoin,,,,728,213,60,593,215,642,4.27
giorgio armani,Emporio Armani Because It's You,https://www.fragrantica.com/perfume/Giorgio-Armani/Emporio-Armani-Because-It-s-You-45257.html,femme,,2017,fruity;sweet;rose;vanilla;citrus;powdery;musky;amber;woody;floral,Raspberry;Lemon;Neroli,Rose,Vanilla;Musk;Amberwood,,,,736,1100,734,1100,1300,648,3.84
giorgio armani,Emporio Armani In Love With You,https://www.fragrantica.com/perfume/Giorgio-Armani/Emporio-Armani-In-Love-With-You-52801.html,femme,,2019,fruity;sweet;patchouli;woody;rose;cherry;warm spicy;floral;white floral;aromatic,Raspberry;Black Currant;Sour Cherry,Rose;Jasmine;Wormwood,Patchouli,,,,441,311,136,447,398,365,3.76
giorgio armani,Emporio Armani In Love With You Freeze,https://www.fragrantica.com/perfume/Giorgio-Armani/Emporio-Armani-In-Love-With-You-Freeze-58809.html,femme,,2020,woody;patchouli;citrus;floral;fresh;earthy;white floral;cherry;sweet;warm spicy,Cherry;Mandarin Orange;Bergamot;Pear,Peony;Jasmine Sambac;Lily-of-the-Valley,Patchouli;Woody Notes;White Musk;Vetiver,,,,77,148,98,106,176,76,3.50
giorgio armani,Idole d'Armani,https://www.fragrantica.com/perfume/Giorgio-Armani/Idole-d-Armani-6270.html,femme,,2009,fruity;sweet;citrus;fresh;fresh spicy;warm spicy;woody;aromatic;earthy;honey,Ginger;Pear;Clementine;Honey;Bitter Orange;Almond;Artemisia,Saffron;Jasmine;Rose,Vetiver;Patchouli;Styrax,,,,525,330,167,644,534,573,3.81
giorgio armani,Idole d'Armani Eau de Toilette,https://www.fragrantica.com/perfume/Giorgio-Armani/Idole-d-Armani-Eau-de-Toilette-8065.html,femme,Eau de Toilette,2010,amber;citrus;fresh spicy;fresh;white floral;patchouli;woody;warm spicy;balsamic;earthy,Ginger;Bitter Orange,Jasmine,Patchouli;Amber;Styrax,,,,70,91,53,98,133,63,3.81
giorgio armani,My Way,https://www.fragrantica.com/perfume/Giorgio-Armani/My-Way-62036.html,femme,,2020,white floral;tuberose;citrus;animalic;vanilla,Orange Blossom;Bergamot,Tuberose;Indian Jasmine,Madagascar Vanilla;White Musk;Virginian Cedar,,,,1900,5300,3800,2700,5200,2000,3.78
giorgio armani,My Way Floral,https://www.fragrantica.com/perfume/Giorgio-Armani/My-Way-Floral-73284.html,femme,,2022,citrus;white floral;tuberose;animalic;sweet;vanilla,Orange Blossom;Green Mandarin;Bitter Orange,Indian Tuberose;Tunisian Neroli,Bourbon Vanilla;White Musk,,,,115,527,454,167,482,139,4.03
giorgio armani,My Way Hair & Body Mist,https://www.fragrantica.com/perfume/Giorgio-Armani/My-Way-Hair-Body-Mist-94401.html,femme,,2023,white floral;citrus;tuberose;woody;powdery;musky;animalic;fresh spicy,Bergamot;Orange Blossom,Tuberose;Jasmine,White Musk;Virginia Cedar;Madagascar Vanilla,,,,2,3,2,2,3,3,3.60
giorgio armani,My Way Intense,https://www.fragrantica.com/perfume/Giorgio-Armani/My-Way-Intense-68596.html,femme,,2021,white floral;tuberose;citrus;vanilla;animalic;woody;powdery;sweet,Orange Blossom;Bitter Orange,Indian Tuberose;Tuberose,Madagascar Vanilla;Sandalwood,,,,621,977,628,821,920,694,3.93
giorgio armani,My Way Nacre,https://www.fragrantica.com/perfume/Giorgio-Armani/My-Way-Nacre-71653.html,femme,,2022,white floral;citrus;tuberose;woody;powdery;animalic;musky,Orange Blossom;Bergamot,Tuberose;Jasmine,Cedar;White Musk;Vanilla,,,,12,35,30,22,36,16,3.93
giorgio armani,My Way Nectar,https://www.fragrantica.com/perfume/Giorgio-Armani/My-Way-Nectar-88938.html,femme,,2024,white floral;citrus;sweet;tuberose;fruity;aquatic;animalic;ozonic;green,Pear;Orange Blossom;Bergamot,Tuberose;Jasmine;Violet Leaf,White Musk;Bourbon Vanilla;Cedarwood,,,,107,720,656,189,689,146,4.03
giorgio armani,My Way Parfum,https://www.fragrantica.com/perfume/Giorgio-Armani/My-Way-Parfum-78561.html,femme,Parfum,2023,white floral;citrus;musky;tuberose;powdery;animalic;vanilla;floral;woody;sweet,Orange Blossom;Bitter Orange;Calabrian bergamot,Iris Pallida;Indian Tuberose;Ambrette (Musk Mallow),White Musk;Bourbon Vanilla;Cedar,,,,388,458,243,455,407,399,3.92
giorgio armani,My Way Sunny Vanilla,https://www.fragrantica.com/perfume/Giorgio-Armani/My-Way-Sunny-Vanilla-120745.html,femme,,2025,white floral;tuberose;sweet;fruity;vanilla;powdery;tropical;animalic;citrus;musky,Pineapple;Bergamot,Tuberose;Jasmine,Vanilla;Musk,,,,10,105,105,18,95,11,3.67
giorgio armani,My Way Ylang,https://www.fragrantica.com/perfume/Giorgio-Armani/My-Way-Ylang-100877.html,femme,,2024,sweet;tropical;white floral;yellow floral;fruity;coconut;woody;vanilla;tuberose;citrus,Mango;Coconut;Orange Blossom;Bergamot,Ylang Ylang;Tuberose,Vanilla;White Musk;Cedarwood,,,,52,332,413,87,369,87,3.95
giorgio armani,Onde Extase,https://www.fragrantica.com/perfume/Giorgio-Armani/Onde-Extase-4671.html,femme,,2008,yellow floral;woody;powdery;floral;white floral;green;aromatic;mossy;earthy;sweet,,,,Mimosa;Narcissus;Sesame;Cedar;Jasmine;Oakmoss;Pink Pepper;Bergamot,,,48,47,24,60,65,45,3.94
giorgio armani,Onde Mystere,https://www.fragrantica.com/perfume/Giorgio-Armani/Onde-Mystere-4669.html,femme,,2008,amber;warm spicy;musky;powdery;rose;smoky;vanilla;balsamic,Amber;Musk;Moroccan Rose,Incense;Vanilla Absolute,Spicy Notes,,,,62,28,20,58,51,65,4.04
giorgio armani,Onde Vertige,https://www.fragrantica.com/perfume/Giorgio-Armani/Onde-Vertige-4670.html,femme,,2008,floral;white floral;tropical;soft spicy;balsamic;patchouli;amber;warm spicy;lactonic;smoky,Jasmine;Frangipani,Licorice,Incense;Patchouli,,,,22,27,26,35,47,20,3.96
giorgio armani,Power Of You,https://www.fragrantica.com/perfume/Giorgio-Armani/Power-Of-You-121870.html,femme,,2026,tropical;vanilla;sweet;fruity;citrus;fresh;floral;powdery;amber,Passionfruit;Bitter Orange;Lemon,Frangipani;Solar Notes,Madagascar Vanilla;Benzoin;Labdanum,,,,377,1800,2200,533,1800,839,4.16
giorgio armani,Sensi,https://www.fragrantica.com/perfume/Giorgio-Armani/Sensi-557.html,femme,,2002,white floral;sweet;almond;nutty;amber;woody;fruity;citrus;balsamic;warm spicy,Black locust;Lime,Almond;Wheat;Jasmine,Benzoin;Brazilian Rosewood,,,,579,458,298,689,777,465,4.31
giorgio armani,Sensi Jewel,https://www.fragrantica.com/perfume/Giorgio-Armani/Sensi-Jewel-2704.html,femme,,2004,amber;white floral;yellow floral;citrus;sweet;woody;balsamic;floral;powdery;warm spicy,Mimosa,Jasmine;Orange,Benzoin;Brazilian Rosewood,,,,3,5,4,7,5,5,4.19
giorgio armani,Sensi White Notes,https://www.fragrantica.com/perfume/Giorgio-Armani/Sensi-White-Notes-424.html,femme,,2004,floral;citrus;white floral;woody;green;fruity;aromatic;soft spicy;fresh;amber,Lime;Lemon;Black Currant;Mandarin Orange;Cassia,Freesia;Water Hyacinth;Lily;Lily-of-the-Valley;Jasmine;Rose,Benzoin;Brazilian Rosewood;Mahogany,,,,27,153,151,63,181,44,4.39
giorgio armani,Si,https://www.fragrantica.com/perfume/Giorgio-Armani/Si-18453.html,femme,,2013,woody;vanilla;aromatic;soft spicy;fruity;green;floral;rose;patchouli;earthy,Cassis,May Rose;Freesia,Vanilla;Patchouli;Woody Notes;Ambroxan,,,,5200,3500,1900,6100,5500,4700,3.84
giorgio armani,Si Eau de Parfum Intense,https://www.fragrantica.com/perfume/Giorgio-Armani/Si-Eau-de-Parfum-Intense-83977.html,femme,Eau de Parfum,2023,fruity;vanilla;rose;green;floral;soft spicy;aromatic;powdery;woody;sweet,Black Currant,May Rose;Davana,Bourbon Vanilla;Vanilla;Black Tea,,,,531,366,173,585,486,498,4.04
giorgio armani,Si Eau de Toilette,https://www.fragrantica.com/perfume/Giorgio-Armani/Si-Eau-de-Toilette-29337.html,femme,,2015,fruity;floral;sweet;woody;citrus;rose;soft spicy;vanilla;musky,Black Currant;Pear;Mandarin Orange;Neroli;Bergamot,Freesia;May Rose;Strawberry;Mango;Jasmine;Osmanthus,Vanilla;Musk;Patchouli;Woody Notes;Amber,,,,185,500,280,345,551,197,3.81
giorgio armani,Si Edition Limitée Eau de Parfum,https://www.fragrantica.com/perfume/Giorgio-Armani/Si-Edition-Limitee-Eau-de-Parfum-62847.html,femme,Eau de Parfum,2020,woody;floral;aromatic;soft spicy;green;fruity;amber;patchouli;rose;vanilla,Currant buds,Freesia;Rose,Woody Notes;Vanilla;Patchouli;Ambroxan,,,,3,4,2,3,4,0,4.11
giorgio armani,Sì Fiori,https://www.fragrantica.com/perfume/Giorgio-Armani/Si-Fiori-53243.html,femme,,2019,vanilla;fruity;citrus;powdery;rose;musky;floral;woody;soft spicy;white floral,Black Currant;Green Mandarin,Neroli;Rose;Patchouli;Oakmoss,Vanilla;White Musk,,,,696,1400,740,1000,1300,659,4.19
giorgio armani,Si Golden Bow,https://www.fragrantica.com/perfume/Giorgio-Armani/Si-Golden-Bow-32065.html,femme,,2015,woody;citrus;fruity;vanilla;white floral;rose;floral;powdery;amber;patchouli,Blackcurrant Syrup;Sicilian Bergamot;Mandarin Orange,Rose;Egyptian Jasmine;Neroli,Vanilla;Patchouli;Amber;White Woods;Musk,,,,32,15,10,32,29,23,4.16
giorgio armani,Si Hair Mist,https://www.fragrantica.com/perfume/Giorgio-Armani/Si-Hair-Mist-45318.html,femme,,2017,fruity;woody;floral;soft spicy;vanilla;aromatic;rose;amber;green;patchouli,Blackcurrant Syrup;Cassis,May Rose;Freesia,Vanilla;Ambroxan;Patchouli;White Wood,,,,5,5,2,6,3,6,3.90
giorgio armani,Si Huile de Parfum,https://www.fragrantica.com/perfume/Giorgio-Armani/Si-Huile-de-Parfum-32475.html,femme,Parfum,2015,woody;floral;rose;aromatic;soft spicy;amber;green;fruity;vanilla;patchouli,Cassis,May Rose;Freesia,Ambroxan;Woody Notes;Vanilla;Patchouli,,,,18,8,9,21,22,26,4.27
giorgio armani,Sì Intense,https://www.fragrantica.com/perfume/Giorgio-Armani/Si-Intense-25947.html,femme,,2014,fruity;woody;floral;aromatic;soft spicy;green;vanilla;citrus;patchouli;rose,Black Currant;Cassis;Freesia;Mandarin Orange;Bergamot,May Rose;Osmanthus;Neroli;Artemisia,Vanilla;Patchouli;Woody Notes;Ambroxan,,,,927,334,163,862,513,929,4.02
giorgio armani,Sì Intense 2021,https://www.fragrantica.com/perfume/Giorgio-Armani/Si-Intense-2021-64853.html,femme,,2021,fruity;amber;rose;warm spicy;woody;patchouli;floral;balsamic;green;aromatic,Blackcurrant Syrup,Turkish Rose;Davana,Benzoin;Patchouli,,,,877,424,211,938,603,811,4.09
giorgio armani,Si Intense Night Light,https://www.fragrantica.com/perfume/Giorgio-Armani/Si-Intense-Night-Light-41841.html,femme,,2016,fruity;floral;citrus;woody;green;fresh spicy;aromatic;vanilla;rose;amber,Black Currant;Black currant leaf;Mandarin Orange;Freesia;Bergamot,Rose;Osmanthus;Neroli;Artemisia,Vanilla;Ambroxan;Patchouli;Woody Notes,,,,9,3,4,8,8,10,4.22
giorgio armani,Si Le Parfum,https://www.fragrantica.com/perfume/Giorgio-Armani/Si-Le-Parfum-39479.html,femme,Parfum,2016,amber;fruity;warm spicy;vanilla;balsamic;woody;patchouli;floral;smoky;soft spicy,Black Currant;Bergamot,Incense;Osmanthus;Jasmine,Amber;Benzoin;Vanilla;Patchouli Leaf,,,,121,36,18,117,66,116,4.08
giorgio armani,Si Nacre Edition,https://www.fragrantica.com/perfume/Giorgio-Armani/Si-Nacre-Edition-51913.html,femme,,2018,floral;rose;fruity;woody;patchouli;earthy;mossy;soft spicy;warm spicy,Black Currant,May Rose;Freesia,Patchouli;Oakmoss,,,,27,21,11,31,27,32,4.23
giorgio armani,Si Nacre Edition 2019,https://www.fragrantica.com/perfume/Giorgio-Armani/Si-Nacre-Edition-2019-57030.html,femme,,2019,fruity;aromatic;floral;soft spicy;green;woody;rose,Cassis;Blackcurrant Syrup;Fruits,May Rose;Freesia,White Woods;Musk,,,,4,4,2,4,4,4,3.44
giorgio armani,Si Night Light,https://www.fragrantica.com/perfume/Giorgio-Armani/Si-Night-Light-41840.html,femme,,2016,vanilla;fruity;floral;woody;amber;rose;green;soft spicy;musky;aromatic,Black Currant;Black currant leaf,Rose;Freesia,Vanilla;Ambroxan;Woody Notes;Patchouli,,,,16,10,5,11,12,9,4.31
giorgio armani,Sì Nude Bloom,https://www.fragrantica.com/perfume/Giorgio-Armani/Si-Nude-Bloom-126543.html,femme,,2026,rose;citrus;fruity;fresh spicy;floral;woody;patchouli;aromatic;warm spicy;vanilla,Blackcurrant;Bergamot;Black Pepper;Citrus;Lemon,May Rose,Patchouli;Vanilla,,,,13,87,60,27,83,13,3.62
giorgio armani,Sì Parfum,https://www.fragrantica.com/perfume/Giorgio-Armani/Si-Parfum-112375.html,femme,Parfum,2025,leather;fruity;vanilla;rose;warm spicy;woody;animalic;patchouli;floral;soft spicy,Blackcurrant;Saffron;Nectar,Damask Rose,Vanilla;Leather;Patchouli,,,,193,53,20,188,95,182,4.04
giorgio armani,Sì Passione,https://www.fragrantica.com/perfume/Giorgio-Armani/Si-Passione-48002.html,femme,,2017,fruity;sweet;woody;vanilla;rose;soft spicy;floral;fresh;powdery;citrus,Pear;Black Currant;Pink Pepper;Grapefruit,Pineapple;Rose;Jasmine;Heliotrope,Vanilla;Cedar;Patchouli;Amberwood,,,,1200,2300,1600,2000,2400,1600,3.82
giorgio armani,Si Passione Eau de Parfum Collector Edition,https://www.fragrantica.com/perfume/Giorgio-Armani/Si-Passione-Eau-de-Parfum-Collector-Edition-69619.html,femme,Eau de Parfum,2021,fruity;vanilla;rose;soft spicy;sweet;woody;floral;powdery;white floral,Black Currant;Pink Pepper;Pear;Grapefruit,Rose;Pineapple;Heliotrope;Jasmine,Vanilla;Cedar;Amberwood;Patchouli,,,,2,3,1,3,3,2,3.29
giorgio armani,Si Passione Eclat De Parfum,https://www.fragrantica.com/perfume/Giorgio-Armani/Si-Passione-Eclat-De-Parfum-71535.html,femme,Parfum,2022,rose;fruity;musky;floral;citrus;powdery;soft spicy;vanilla;fresh spicy;aromatic,Black Currant;Calabrian bergamot,May Rose;Damask Rose,White Musk;Madagascar Vanilla,,,,162,436,362,250,422,226,3.75
giorgio armani,Sì Passione Intense,https://www.fragrantica.com/perfume/Giorgio-Armani/Si-Passione-Intense-58737.html,femme,,2020,woody;fruity;musky;powdery;white floral;patchouli;soft spicy;vanilla;floral;animalic,Blackcurrant Syrup,Jasmine,White Musk;Cedar;Patchouli;Vanilla,,,,259,291,154,318,311,267,3.89
giorgio armani,Sì Passione Intense (2024),https://www.fragrantica.com/perfume/Giorgio-Armani/Si-Passione-Intense-2024-96186.html,femme,,2024,fruity;woody;vanilla;white floral;powdery;sweet;floral;soft spicy;aromatic;citrus,Blackcurrant;Pear;Bergamot,Jasmine,Vanilla;Sandalwood,,,,206,155,65,231,174,220,3.84
giorgio armani,Sì Passione Laser Limited Edition,https://www.fragrantica.com/perfume/Giorgio-Armani/Si-Passione-Laser-Limited-Edition-76693.html,femme,,2022,fruity;woody;vanilla;sweet;rose;soft spicy;floral;powdery;patchouli;white floral,Black Currant;Pear;Pink Pepper;Grapefruit,Rose;Jasmine;Pineapple;Heliotrope,Vanilla;Cedar;Patchouli;Amberwood,,,,5,4,3,5,7,5,3.61
giorgio armani,Sì Passione Limited Edition,https://www.fragrantica.com/perfume/Giorgio-Armani/Si-Passione-Limited-Edition-51615.html,femme,,2018,fruity;sweet;vanilla;woody;powdery;soft spicy;floral;white floral;citrus;rose,Black Currant;Pear;Grapefruit;Pink Pepper,Pineapple;Jasmine;Rose;Heliotrope,Vanilla;Cedar;Amberwood;Patchouli,,,,4,6,1,8,11,4,3.93
giorgio armani,Sì Passione Limited Edition 2019,https://www.fragrantica.com/perfume/Giorgio-Armani/Si-Passione-Limited-Edition-2019-58272.html,femme,,2019,woody;rose;floral;vanilla;soft spicy;aromatic;green;fruity;amber;earthy,Currant buds,Rose;Freesia,Vanilla;Woodsy Notes;Ambroxan;Patchouli,,,,2,3,0,2,2,1,2.86
giorgio armani,Sì Passione Red Bloom,https://www.fragrantica.com/perfume/Giorgio-Armani/Si-Passione-Red-Bloom-126542.html,femme,,2026,fruity;rose;sweet;woody;powdery;musky;floral;vanilla;amber,Raspberry;Blackcurrant;Bergamot,Rose Petals;Rose;Iris Pallida,Cashmeran;Bourbon Vanilla;Amberwood,,,,11,66,50,25,57,15,3.81
giorgio armani,Sì Passione Red Maestro,https://www.fragrantica.com/perfume/Giorgio-Armani/Si-Passione-Red-Maestro-56984.html,femme,,2019,musky;fruity;soft spicy;vanilla;powdery;white floral;sweet;aldehydic;floral;animalic,Black Currant;Pink Pepper,Solar Notes;Jasmine,Musk;Vanilla,,,,16,32,11,40,40,11,3.85
giorgio armani,Si Passione Red Musk,https://www.fragrantica.com/perfume/Giorgio-Armani/Si-Passione-Red-Musk-103518.html,femme,,2025,fruity;sweet;musky;rose;powdery;vanilla;lactonic,Strawberry;Musk,Rose;Milk,Musk;Vanilla,,,,110,291,213,192,277,137,3.91
giorgio armani,Si Rose Signature,https://www.fragrantica.com/perfume/Giorgio-Armani/Si-Rose-Signature-35248.html,femme,,2016,floral;rose;fruity;citrus;vanilla;woody;soft spicy;powdery;iris;patchouli,,,,Rose de Mai;Damask Rose;Black Currant;Vanilla;Freesia;Mandarin Orange;Iris;Patchouli;Osmanthus;Bergamot;Ambrette (Musk Mallow);Amber,,,48,141,87,71,138,62,4.02
giorgio armani,Si Rose Signature II Eau de Parfum,https://www.fragrantica.com/perfume/Giorgio-Armani/Si-Rose-Signature-II-Eau-de-Parfum-43453.html,femme,Eau de Parfum,2017,floral;rose;fruity;citrus;vanilla;woody;soft spicy;powdery;iris;patchouli,Black Currant;Freesia;Mandarin Orange;Bergamot,Turkish Rose;May Rose;Iris;Osmanthus,Vanilla;Patchouli;Ambrette (Musk Mallow),,,,39,93,59,72,102,52,4.05
giorgio armani,Si Sono Io,https://www.fragrantica.com/perfume/Giorgio-Armani/Si-Sono-Io-47190.html,femme,,2017,vanilla;woody;soft spicy;aromatic;rose;floral;fruity;green;amber;patchouli,Cassis,Rose;Freesia,Vanilla;Amber;Patchouli;Woody Notes,,,,11,5,2,11,11,10,3.93
giorgio armani,Si White,https://www.fragrantica.com/perfume/Giorgio-Armani/Si-White-28129.html,femme,,2014,fruity;vanilla;floral;woody;rose;soft spicy;amber;patchouli;powdery;musky,Blackcurrant Syrup,Rose;Freesia,Vanilla;Ambroxan;Patchouli;Woodsy Notes,,,,19,24,18,34,33,26,3.73
giorgio armani,Armani Privé Bleu Lazuli,https://www.fragrantica.com/perfume/Giorgio-Armani/Armani-Prive-Bleu-Lazuli-48059.html,unisexe,,2018,sweet;fruity;aromatic;warm spicy;honey;tobacco;floral;vanilla;woody;fresh spicy,Mate;Cardamom;Bergamot,Plum;Osmanthus;Jasmine,Honey;Tobacco;Vanilla;Sandalwood,,,,331,283,134,361,295,318,4.12
giorgio armani,Armani Privé Bleu Turquoise,https://www.fragrantica.com/perfume/Giorgio-Armani/Armani-Prive-Bleu-Turquoise-48060.html,unisexe,,2018,woody;vanilla;salty;warm spicy;amber;balsamic;smoky;earthy;powdery;fresh spicy,Salt;Incense;Black Pepper,Ylang-Ylang;Cypriol Oil or Nagarmotha;Indian Jasmine,Vanilla;Sandalwood;Moss,,,,201,452,510,366,508,352,4.12
giorgio armani,Armani Prive Rouge Malachite,https://www.fragrantica.com/perfume/Giorgio-Armani/Armani-Prive-Rouge-Malachite-34589.html,unisexe,,2016,white floral;amber;tuberose;soft spicy;animalic;woody;yellow floral;sweet;musky,Tuberose;Pink Pepper;Clary Sage,Tuberose;Jasmine Sambac;Ylang-Ylang;Benzoin;Cashmeran;Orange Blossom,Tuberose;Amber,,,,883,760,484,1000,750,958,4.21
giorgio armani,Armani Prive Vert Malachite,https://www.fragrantica.com/perfume/Giorgio-Armani/Armani-Prive-Vert-Malachite-34588.html,unisexe,,2016,white floral;vanilla;yellow floral;citrus;sweet;soft spicy;amber,Bitter Orange;Petitgrain,Jasmine Sambac;Ylang-Ylang;Pink Pepper,Lily;Vanilla;Benzoin,,,,321,629,426,467,550,466,4.13
giorgio armani,Oud Nacré,https://www.fragrantica.com/perfume/Giorgio-Armani/Oud-Nacre-121389.html,unisexe,,2025,warm spicy;woody;oud;white floral;patchouli;amber;metallic;musky;leather;earthy,Saffron;Jasmine,Oud;Patchouli,Vanillin;Sandal;Ambroxan,,,,41,21,5,29,29,29,4.36
giorgio armani,Armani Code for Women,https://www.fragrantica.com/perfume/Giorgio-Armani/Armani-Code-for-Women-413.html,,,,,,,,,,,,,,,,,
giorgio armani,Armani Code Le Parfum,https://www.fragrantica.com/perfume/Giorgio-Armani/Armani-Code-Le-Parfum-4957.html,,,,,,,,,,,,,,,,,
giorgio armani,Armani Prive Rouge Malachite Limited Edition L'Or de Russie,https://www.fragrantica.com/perfume/Giorgio-Armani/Rouge-Malachite-Limited-Edition-L-Or-de-Russie-47404.html,,,,,,,,,,,,,,,,,